Time.Stamp,illuminance (lx),datetime
8/7/22 17:00,900.3,17:00:00
8/7/22 17:01,870.225,17:01:00
8/7/22 17:02,859.975,17:02:00
8/7/22 17:03,860.2,17:03:00
8/7/22 17:04,871.675,17:04:00
8/7/22 17:05,893.15,17:05:00
8/7/22 17:06,918.1,17:06:00
8/7/22 17:07,938.675,17:07:00
8/7/22 17:08,955.55,17:08:00
8/7/22 17:09,964.35,17:09:00
8/7/22 17:10,962.55,17:10:00
8/7/22 17:11,948.175,17:11:00
8/7/22 17:12,926.45,17:12:00
8/7/22 17:13,894.25,17:13:00
8/7/22 17:14,854.7,17:14:00
8/7/22 17:15,807.75,17:15:00
8/7/22 17:16,761.125,17:16:00
8/7/22 17:17,710.125,17:17:00
8/7/22 17:18,659.125,17:18:00
8/7/22 17:19,614.575,17:19:00
8/7/22 17:20,573.5,17:20:00
8/7/22 17:21,540.525,17:21:00
8/7/22 17:22,511.175,17:22:00
8/7/22 17:23,488.35,17:23:00
8/7/22 17:24,468.775,17:24:00
8/7/22 17:25,451.875,17:25:00
8/7/22 17:26,429.36,17:26:00
8/7/22 17:27,405.325,17:27:00
8/7/22 17:28,384.55,17:28:00
8/7/22 17:29,358.3,17:29:00
8/7/22 17:30,324,17:30:00
8/7/22 17:31,287.7,17:31:00
8/7/22 17:32,256.05,17:32:00
8/7/22 17:33,232.3,17:33:00
8/7/22 17:34,212,17:34:00
8/7/22 17:35,191.95,17:35:00
8/7/22 17:36,172.025,17:36:00
8/7/22 17:37,153.55,17:37:00
8/7/22 17:38,136.15,17:38:00
8/7/22 17:39,117.925,17:39:00
8/7/22 17:40,101.2925,17:40:00
8/7/22 17:41,87.79,17:41:00
8/7/22 17:42,77.03,17:42:00
8/7/22 17:43,68.22,17:43:00
8/7/22 17:44,60.0525,17:44:00
8/7/22 17:45,52.13,17:45:00
8/7/22 17:46,44.8625,17:46:00
8/7/22 17:47,39.2375,17:47:00
8/7/22 17:48,34.49,17:48:00
8/7/22 17:49,30.0925,17:49:00
8/7/22 17:50,25.83,17:50:00
8/7/22 17:51,22.255,17:51:00
8/7/22 17:52,19.185,17:52:00
8/7/22 17:53,16.1225,17:53:00
8/7/22 17:54,12.975,17:54:00
8/7/22 17:55,9.93175,17:55:00
8/7/22 17:56,7.39925,17:56:00
8/7/22 17:57,5.46,17:57:00
8/7/22 17:58,4.05725,17:58:00
8/7/22 17:59,3.078,17:59:00
8/7/22 18:00,2.39825,18:00:00
8/7/22 18:01,1.9005,18:01:00
8/7/22 18:02,1.4915,18:02:00
8/7/22 18:03,1.158,18:03:00
8/7/22 18:04,0.9073,18:04:00
8/7/22 18:05,0.72225,18:05:00
8/7/22 18:06,0.5653,18:06:00
8/7/22 18:07,0.44425,18:07:00
8/7/22 18:08,0.360775,18:08:00
8/7/22 18:09,0.293925,18:09:00
8/7/22 18:10,0.239875,18:10:00
8/7/22 18:11,0.1958,18:11:00
8/7/22 18:12,0.159775,18:12:00
8/7/22 18:13,0.130325,18:13:00
8/7/22 18:14,0.105885,18:14:00
8/7/22 18:15,0.0859475,18:15:00
8/7/22 18:16,0.0698575,18:16:00
8/7/22 18:17,0.05754,18:17:00
8/7/22 18:18,0.0475125,18:18:00
8/7/22 18:19,0.0391425,18:19:00
8/7/22 18:20,0.0210575,18:20:00
8/7/22 18:21,0.0154,18:21:00
8/7/22 18:22,0.01435,18:22:00
8/7/22 18:23,0.01331,18:23:00
8/7/22 18:24,0.0125175,18:24:00
8/7/22 18:25,0.0117325,18:25:00
8/7/22 18:26,0.011295,18:26:00
8/7/22 18:27,0.01164,18:27:00
8/7/22 18:28,0.0119525,18:28:00
8/7/22 18:29,0.0127025,18:29:00
8/7/22 18:30,0.0137525,18:30:00
8/7/22 18:31,0.0153075,18:31:00
8/7/22 18:32,0.0165775,18:32:00
8/7/22 18:33,0.01919,18:33:00
8/7/22 18:34,0.0214225,18:34:00
8/7/22 18:35,0.0221575,18:35:00
8/7/22 18:36,0.021785,18:36:00
8/7/22 18:37,0.021855,18:37:00
8/7/22 18:38,0.02246,18:38:00
8/7/22 18:39,0.024175,18:39:00
8/7/22 18:40,0.02554,18:40:00
8/7/22 18:41,0.02651,18:41:00
8/7/22 18:42,0.02719,18:42:00
8/7/22 18:43,0.026745,18:43:00
8/7/22 18:44,0.0271925,18:44:00
8/7/22 18:45,0.0276675,18:45:00
8/7/22 18:46,0.02802,18:46:00
8/7/22 18:47,0.028084,18:47:00
8/7/22 18:48,0.028025,18:48:00
8/7/22 18:49,0.02844,18:49:00
8/7/22 18:50,0.028555,18:50:00
8/7/22 18:51,0.028715,18:51:00
8/7/22 18:52,0.028565,18:52:00
8/7/22 18:53,0.02853,18:53:00
8/7/22 18:54,0.02879,18:54:00
8/7/22 18:55,0.028725,18:55:00
8/7/22 18:56,0.0286825,18:56:00
8/7/22 18:57,0.028615,18:57:00
8/7/22 18:58,0.0286175,18:58:00
8/7/22 18:59,0.0288,18:59:00
8/7/22 19:00,0.028665,19:00:00
8/7/22 19:01,0.028085,19:01:00
8/7/22 19:02,0.0284575,19:02:00
8/7/22 19:03,0.028565,19:03:00
8/7/22 19:04,0.0284925,19:04:00
8/7/22 19:05,0.0287575,19:05:00
8/7/22 19:06,0.02876,19:06:00
8/7/22 19:07,0.0291125,19:07:00
8/7/22 19:08,0.029125,19:08:00
8/7/22 19:09,0.0287975,19:09:00
8/7/22 19:10,0.0284375,19:10:00
8/7/22 19:11,0.0278575,19:11:00
8/7/22 19:12,0.02768,19:12:00
8/7/22 19:13,0.0278975,19:13:00
8/7/22 19:14,0.02849,19:14:00
8/7/22 19:15,0.0281375,19:15:00
8/7/22 19:16,0.0277075,19:16:00
8/7/22 19:17,0.0291425,19:17:00
8/7/22 19:18,0.0292825,19:18:00
8/7/22 19:19,0.02938,19:19:00
8/7/22 19:20,0.0297075,19:20:00
8/7/22 19:21,0.02997,19:21:00
8/7/22 19:22,0.03026,19:22:00
8/7/22 19:23,0.0306,19:23:00
8/7/22 19:24,0.0306475,19:24:00
8/7/22 19:25,0.0307325,19:25:00
8/7/22 19:26,0.0307825,19:26:00
8/7/22 19:27,0.03064,19:27:00
8/7/22 19:28,0.03057,19:28:00
8/7/22 19:29,0.030355,19:29:00
8/7/22 19:30,0.0296275,19:30:00
8/7/22 19:31,0.029095,19:31:00
8/7/22 19:32,0.0285525,19:32:00
8/7/22 19:33,0.0285975,19:33:00
8/7/22 19:34,0.0284875,19:34:00
8/7/22 19:35,0.0284,19:35:00
8/7/22 19:36,0.0284,19:36:00
8/7/22 19:37,0.0283325,19:37:00
8/7/22 19:38,0.0281925,19:38:00
8/7/22 19:39,0.0283075,19:39:00
8/7/22 19:40,0.0291775,19:40:00
8/7/22 19:41,0.0294825,19:41:00
8/7/22 19:42,0.0295625,19:42:00
8/7/22 19:43,0.0291075,19:43:00
8/7/22 19:44,0.0289125,19:44:00
8/7/22 19:45,0.02899,19:45:00
8/7/22 19:46,0.028595,19:46:00
8/7/22 19:47,0.0269025,19:47:00
8/7/22 19:48,0.0291175,19:48:00
8/7/22 19:49,0.02904,19:49:00
8/7/22 19:50,0.0289,19:50:00
8/7/22 19:51,0.0300425,19:51:00
8/7/22 19:52,0.0308925,19:52:00
8/7/22 19:53,0.0309575,19:53:00
8/7/22 19:54,0.0309,19:54:00
8/7/22 19:55,0.0314175,19:55:00
8/7/22 19:56,0.0314925,19:56:00
8/7/22 19:57,0.0313225,19:57:00
8/7/22 19:58,0.0312075,19:58:00
8/7/22 19:59,0.031575,19:59:00
8/7/22 20:00,0.0318675,20:00:00
8/7/22 20:01,0.0289,20:01:00
8/7/22 20:02,0.0289275,20:02:00
8/7/22 20:03,0.0308125,20:03:00
8/7/22 20:04,0.0248825,20:04:00
8/7/22 20:05,0.012875,20:05:00
8/7/22 20:06,0.0108075,20:06:00
8/7/22 20:07,0.013115,20:07:00
8/7/22 20:08,0.013505,20:08:00
8/7/22 20:09,0.015575,20:09:00
8/7/22 20:10,0.019038,20:10:00
8/7/22 20:11,0.014325,20:11:00
8/7/22 20:12,0.022915,20:12:00
8/7/22 20:13,0.02209,20:13:00
8/7/22 20:14,0.02232,20:14:00
8/7/22 20:15,0.0200775,20:15:00
8/7/22 20:16,0.01368275,20:16:00
8/7/22 20:17,0.00580275,20:17:00
8/7/22 20:18,0.0041495,20:18:00
8/7/22 20:19,0.002495,20:19:00
8/7/22 20:20,0.002521,20:20:00
8/7/22 20:21,0.002314,20:21:00
8/7/22 20:22,0.00202175,20:22:00
8/7/22 20:23,0.00394,20:23:00
8/7/22 20:24,0.008187,20:24:00
8/7/22 20:25,0.00431875,20:25:00
8/7/22 20:26,0.0034015,20:26:00
8/7/22 20:27,0.00261575,20:27:00
8/7/22 20:28,0.003154,20:28:00
8/7/22 20:29,0.005131,20:29:00
8/7/22 20:30,0.00694525,20:30:00
8/7/22 20:31,0.0084515,20:31:00
8/7/22 20:32,0.017865,20:32:00
8/7/22 20:33,0.0223225,20:33:00
8/7/22 20:34,0.01232275,20:34:00
8/7/22 20:35,0.0264175,20:35:00
8/7/22 20:36,0.0347175,20:36:00
8/7/22 20:37,0.0333025,20:37:00
8/7/22 20:38,0.0327075,20:38:00
8/7/22 20:39,0.03274,20:39:00
8/7/22 20:40,0.032925,20:40:00
8/7/22 20:41,0.03309,20:41:00
8/7/22 20:42,0.0333825,20:42:00
8/7/22 20:43,0.0269675,20:43:00
8/7/22 20:44,0.0324075,20:44:00
8/7/22 20:45,0.02986,20:45:00
8/7/22 20:46,0.0262075,20:46:00
8/7/22 20:47,0.027225,20:47:00
8/7/22 20:48,0.0206075,20:48:00
8/7/22 20:49,0.0142175,20:49:00
8/7/22 20:50,0.0118325,20:50:00
8/7/22 20:51,0.01123,20:51:00
8/7/22 20:52,0.014915,20:52:00
8/7/22 20:53,0.015148,20:53:00
8/7/22 20:54,0.01599025,20:54:00
8/7/22 20:55,0.0146275,20:55:00
8/7/22 20:56,0.00884,20:56:00
8/7/22 20:57,0.01550775,20:57:00
8/7/22 20:58,0.0251,20:58:00
8/7/22 20:59,0.028545,20:59:00
8/7/22 21:00,0.03006,21:00:00
8/7/22 21:01,0.0297175,21:01:00
8/7/22 21:02,0.0298825,21:02:00
8/7/22 21:03,0.02964,21:03:00
8/7/22 21:04,0.02959,21:04:00
8/7/22 21:05,0.0298825,21:05:00
8/7/22 21:06,0.029735,21:06:00
8/7/22 21:07,0.0297225,21:07:00
8/7/22 21:08,0.02962,21:08:00
8/7/22 21:09,0.02902,21:09:00
8/7/22 21:10,0.0292675,21:10:00
8/7/22 21:11,0.029095,21:11:00
8/7/22 21:12,0.0291675,21:12:00
8/7/22 21:13,0.0290875,21:13:00
8/7/22 21:14,0.028755,21:14:00
8/7/22 21:15,0.02834,21:15:00
8/7/22 21:16,0.0276125,21:16:00
8/7/22 21:17,0.02735,21:17:00
8/7/22 21:18,0.02797,21:18:00
8/7/22 21:19,0.0279475,21:19:00
8/7/22 21:20,0.0273325,21:20:00
8/7/22 21:21,0.0267575,21:21:00
8/7/22 21:22,0.0262925,21:22:00
8/7/22 21:23,0.0257,21:23:00
8/7/22 21:24,0.0255525,21:24:00
8/7/22 21:25,0.0254225,21:25:00
8/7/22 21:26,0.0251175,21:26:00
8/7/22 21:27,0.02441,21:27:00
8/7/22 21:28,0.0248175,21:28:00
8/7/22 21:29,0.025615,21:29:00
8/7/22 21:30,0.0259275,21:30:00
8/7/22 21:31,0.026035,21:31:00
8/7/22 21:32,0.026095,21:32:00
8/7/22 21:33,0.0261225,21:33:00
8/7/22 21:34,0.02594,21:34:00
8/7/22 21:35,0.025905,21:35:00
8/7/22 21:36,0.0260625,21:36:00
8/7/22 21:37,0.0262525,21:37:00
8/7/22 21:38,0.026675,21:38:00
8/7/22 21:39,0.026985,21:39:00
8/7/22 21:40,0.0264325,21:40:00
8/7/22 21:41,0.027105,21:41:00
8/7/22 21:42,0.02766,21:42:00
8/7/22 21:43,0.0284075,21:43:00
8/7/22 21:44,0.028485,21:44:00
8/7/22 21:45,0.02878,21:45:00
8/7/22 21:46,0.02869,21:46:00
8/7/22 21:47,0.028565,21:47:00
8/7/22 21:48,0.0285925,21:48:00
8/7/22 21:49,0.0285775,21:49:00
8/7/22 21:50,0.028655,21:50:00
8/7/22 21:51,0.0288575,21:51:00
8/7/22 21:52,0.0293775,21:52:00
8/7/22 21:53,0.03029,21:53:00
8/7/22 21:54,0.026025,21:54:00
8/7/22 21:55,0.017075,21:55:00
8/7/22 21:56,0.014335,21:56:00
8/7/22 21:57,0.01685,21:57:00
8/7/22 21:58,0.02284,21:58:00
8/7/22 21:59,0.01727625,21:59:00
8/7/22 22:00,0.0081255,22:00:00
8/7/22 22:01,0.00742925,22:01:00
8/7/22 22:02,0.0139125,22:02:00
8/7/22 22:03,0.00566425,22:03:00
8/7/22 22:04,0.00545825,22:04:00
8/7/22 22:05,0.0139885,22:05:00
8/7/22 22:06,0.012295,22:06:00
8/7/22 22:07,0.0129575,22:07:00
8/7/22 22:08,0.01186,22:08:00
8/7/22 22:09,0.011515,22:09:00
8/7/22 22:10,0.009296,22:10:00
8/7/22 22:11,0.0074085,22:11:00
8/7/22 22:12,0.00556375,22:12:00
8/7/22 22:13,0.00429675,22:13:00
8/7/22 22:14,0.00381675,22:14:00
8/7/22 22:15,0.0033445,22:15:00
8/7/22 22:16,0.0034576,22:16:00
8/7/22 22:17,0.004024,22:17:00
8/7/22 22:18,0.00491325,22:18:00
8/7/22 22:19,0.0057335,22:19:00
8/7/22 22:20,0.00592825,22:20:00
8/7/22 22:21,0.0062885,22:21:00
8/7/22 22:22,0.005918,22:22:00
8/7/22 22:23,0.00616775,22:23:00
8/7/22 22:24,0.0044265,22:24:00
8/7/22 22:25,0.00334925,22:25:00
8/7/22 22:26,0.00226975,22:26:00
8/7/22 22:27,0.001582,22:27:00
8/7/22 22:28,0.00119775,22:28:00
8/7/22 22:29,0.00112575,22:29:00
8/7/22 22:30,0.001167,22:30:00
8/7/22 22:31,0.0014455,22:31:00
8/7/22 22:32,0.001693,22:32:00
8/7/22 22:33,0.0015185,22:33:00
8/7/22 22:34,0.00148025,22:34:00
8/7/22 22:35,0.001029625,22:35:00
8/7/22 22:36,0.000730875,22:36:00
8/7/22 22:37,0.00039755,22:37:00
8/7/22 22:38,0.0002445,22:38:00
8/7/22 22:39,0,22:39:00
8/7/22 22:40,0,22:40:00
8/7/22 22:41,0,22:41:00
8/7/22 22:42,0,22:42:00
8/7/22 22:43,0,22:43:00
8/7/22 22:44,0,22:44:00
8/7/22 22:45,0,22:45:00
8/7/22 22:46,0,22:46:00
8/7/22 22:47,0,22:47:00
8/7/22 22:48,0,22:48:00
8/7/22 22:49,0,22:49:00
8/7/22 22:50,0,22:50:00
8/7/22 22:51,0,22:51:00
8/7/22 22:52,0,22:52:00
8/7/22 22:53,0,22:53:00
8/7/22 22:54,0,22:54:00
8/7/22 22:55,0,22:55:00
8/7/22 22:56,0,22:56:00
8/7/22 22:57,0,22:57:00
8/7/22 22:58,0,22:58:00
8/7/22 22:59,0,22:59:00
8/7/22 23:00,0,23:00:00
8/7/22 23:01,0,23:01:00
8/7/22 23:02,0,23:02:00
8/7/22 23:03,0,23:03:00
8/7/22 23:04,0,23:04:00
8/7/22 23:05,0,23:05:00
8/7/22 23:06,0,23:06:00
8/7/22 23:07,0,23:07:00
8/7/22 23:08,0,23:08:00
8/7/22 23:09,0,23:09:00
8/7/22 23:10,0,23:10:00
8/7/22 23:11,0,23:11:00
8/7/22 23:12,0,23:12:00
8/7/22 23:13,0,23:13:00
8/7/22 23:14,0,23:14:00
8/7/22 23:15,0,23:15:00
8/7/22 23:16,0,23:16:00
8/7/22 23:17,0,23:17:00
8/7/22 23:18,0,23:18:00
8/7/22 23:19,0,23:19:00
8/7/22 23:20,0,23:20:00
8/7/22 23:21,0,23:21:00
8/7/22 23:22,0,23:22:00
8/7/22 23:23,0,23:23:00
8/7/22 23:24,0,23:24:00
8/7/22 23:25,0,23:25:00
8/7/22 23:26,0,23:26:00
8/7/22 23:27,0,23:27:00
8/7/22 23:28,0,23:28:00
8/7/22 23:29,0,23:29:00
8/7/22 23:30,0,23:30:00
8/7/22 23:31,0,23:31:00
8/7/22 23:32,0,23:32:00
8/7/22 23:33,0,23:33:00
8/7/22 23:34,0,23:34:00
8/7/22 23:35,0,23:35:00
8/7/22 23:36,0,23:36:00
8/7/22 23:37,0,23:37:00
8/7/22 23:38,0,23:38:00
8/7/22 23:39,0,23:39:00
8/7/22 23:40,0,23:40:00
8/7/22 23:41,0,23:41:00
8/7/22 23:42,0,23:42:00
8/7/22 23:43,0,23:43:00
8/7/22 23:44,0,23:44:00
8/7/22 23:45,0,23:45:00
8/7/22 23:46,0,23:46:00
8/7/22 23:47,0,23:47:00
8/7/22 23:48,0,23:48:00
8/7/22 23:49,0,23:49:00
8/7/22 23:50,8.67E-05,23:50:00
8/7/22 23:51,0.00016559,23:51:00
8/7/22 23:52,1.85E-05,23:52:00
8/7/22 23:53,0,23:53:00
8/7/22 23:54,0,23:54:00
8/7/22 23:55,0,23:55:00
8/7/22 23:56,2.48E-05,23:56:00
8/7/22 23:57,0.00014408,23:57:00
8/7/22 23:58,0,23:58:00
8/7/22 23:59,0,23:59:00
8/8/22 17:00,1159,17:00:00
8/8/22 17:01,1183,17:01:00
8/8/22 17:02,1185,17:02:00
8/8/22 17:03,1165.75,17:03:00
8/8/22 17:04,1126,17:04:00
8/8/22 17:05,1079.25,17:05:00
8/8/22 17:06,1027.5,17:06:00
8/8/22 17:07,976.175,17:07:00
8/8/22 17:08,929.8,17:08:00
8/8/22 17:09,884.375,17:09:00
8/8/22 17:10,842.75,17:10:00
8/8/22 17:11,803.65,17:11:00
8/8/22 17:12,767.675,17:12:00
8/8/22 17:13,730.62,17:13:00
8/8/22 17:14,696.225,17:14:00
8/8/22 17:15,668.625,17:15:00
8/8/22 17:16,642.925,17:16:00
8/8/22 17:17,624.525,17:17:00
8/8/22 17:18,608.375,17:18:00
8/8/22 17:19,591.5,17:19:00
8/8/22 17:20,572.425,17:20:00
8/8/22 17:21,548.85,17:21:00
8/8/22 17:22,522.525,17:22:00
8/8/22 17:23,495.675,17:23:00
8/8/22 17:24,468.375,17:24:00
8/8/22 17:25,438.25,17:25:00
8/8/22 17:26,410.8,17:26:00
8/8/22 17:27,386.425,17:27:00
8/8/22 17:28,360.125,17:28:00
8/8/22 17:29,333.65,17:29:00
8/8/22 17:30,309.575,17:30:00
8/8/22 17:31,284.825,17:31:00
8/8/22 17:32,258.525,17:32:00
8/8/22 17:33,232.875,17:33:00
8/8/22 17:34,210.15,17:34:00
8/8/22 17:35,187.25,17:35:00
8/8/22 17:36,166.65,17:36:00
8/8/22 17:37,149.25,17:37:00
8/8/22 17:38,133.9,17:38:00
8/8/22 17:39,120.8,17:39:00
8/8/22 17:40,109.375,17:40:00
8/8/22 17:41,99.3775,17:41:00
8/8/22 17:42,89.335,17:42:00
8/8/22 17:43,79.4775,17:43:00
8/8/22 17:44,69.8075,17:44:00
8/8/22 17:45,60.81,17:45:00
8/8/22 17:46,52.4625,17:46:00
8/8/22 17:47,44.4975,17:47:00
8/8/22 17:48,37.62,17:48:00
8/8/22 17:49,32.255,17:49:00
8/8/22 17:50,27.4675,17:50:00
8/8/22 17:51,22.6425,17:51:00
8/8/22 17:52,17.9225,17:52:00
8/8/22 17:53,13.7875,17:53:00
8/8/22 17:54,10.49,17:54:00
8/8/22 17:55,8.0555,17:55:00
8/8/22 17:56,6.0802,17:56:00
8/8/22 17:57,4.60525,17:57:00
8/8/22 17:58,3.60025,17:58:00
8/8/22 17:59,2.82075,17:59:00
8/8/22 18:00,2.2095,18:00:00
8/8/22 18:01,1.7245,18:01:00
8/8/22 18:02,1.3405,18:02:00
8/8/22 18:03,1.0273,18:03:00
8/8/22 18:04,0.7847,18:04:00
8/8/22 18:05,0.600175,18:05:00
8/8/22 18:06,0.46665,18:06:00
8/8/22 18:07,0.361625,18:07:00
8/8/22 18:08,0.28915,18:08:00
8/8/22 18:09,0.23205,18:09:00
8/8/22 18:10,0.165925,18:10:00
8/8/22 18:11,0.104325,18:11:00
8/8/22 18:12,0.0732875,18:12:00
8/8/22 18:13,0.0558175,18:13:00
8/8/22 18:14,0.04646,18:14:00
8/8/22 18:15,0.0467675,18:15:00
8/8/22 18:16,0.0390675,18:16:00
8/8/22 18:17,0.0143475,18:17:00
8/8/22 18:18,0.02111,18:18:00
8/8/22 18:19,0.0211475,18:19:00
8/8/22 18:20,0.0205725,18:20:00
8/8/22 18:21,0.020285,18:21:00
8/8/22 18:22,0.0202925,18:22:00
8/8/22 18:23,0.0202825,18:23:00
8/8/22 18:24,0.01973,18:24:00
8/8/22 18:25,0.0167375,18:25:00
8/8/22 18:26,0.0156075,18:26:00
8/8/22 18:27,0.0181475,18:27:00
8/8/22 18:28,0.019335,18:28:00
8/8/22 18:29,0.019205,18:29:00
8/8/22 18:30,0.019005,18:30:00
8/8/22 18:31,0.0189675,18:31:00
8/8/22 18:32,0.0184925,18:32:00
8/8/22 18:33,0.01819,18:33:00
8/8/22 18:34,0.01866,18:34:00
8/8/22 18:35,0.0185375,18:35:00
8/8/22 18:36,0.0176175,18:36:00
8/8/22 18:37,0.015865,18:37:00
8/8/22 18:38,0.0150675,18:38:00
8/8/22 18:39,0.015035,18:39:00
8/8/22 18:40,0.015086,18:40:00
8/8/22 18:41,0.0149625,18:41:00
8/8/22 18:42,0.0148125,18:42:00
8/8/22 18:43,0.01554,18:43:00
8/8/22 18:44,0.016365,18:44:00
8/8/22 18:45,0.01754,18:45:00
8/8/22 18:46,0.0191125,18:46:00
8/8/22 18:47,0.019045,18:47:00
8/8/22 18:48,0.01841,18:48:00
8/8/22 18:49,0.019205,18:49:00
8/8/22 18:50,0.020275,18:50:00
8/8/22 18:51,0.020555,18:51:00
8/8/22 18:52,0.020685,18:52:00
8/8/22 18:53,0.0200875,18:53:00
8/8/22 18:54,0.0156325,18:54:00
8/8/22 18:55,0.01244,18:55:00
8/8/22 18:56,0.0126,18:56:00
8/8/22 18:57,0.0142225,18:57:00
8/8/22 18:58,0.0164825,18:58:00
8/8/22 18:59,0.01866,18:59:00
8/8/22 19:00,0.0194425,19:00:00
8/8/22 19:01,0.0187525,19:01:00
8/8/22 19:02,0.0173475,19:02:00
8/8/22 19:03,0.017535,19:03:00
8/8/22 19:04,0.0190625,19:04:00
8/8/22 19:05,0.020145,19:05:00
8/8/22 19:06,0.0206025,19:06:00
8/8/22 19:07,0.0213075,19:07:00
8/8/22 19:08,0.022015,19:08:00
8/8/22 19:09,0.022405,19:09:00
8/8/22 19:10,0.022445,19:10:00
8/8/22 19:11,0.0223925,19:11:00
8/8/22 19:12,0.0225375,19:12:00
8/8/22 19:13,0.0226075,19:13:00
8/8/22 19:14,0.0224525,19:14:00
8/8/22 19:15,0.0228525,19:15:00
8/8/22 19:16,0.02309,19:16:00
8/8/22 19:17,0.023545,19:17:00
8/8/22 19:18,0.02392,19:18:00
8/8/22 19:19,0.024445,19:19:00
8/8/22 19:20,0.024915,19:20:00
8/8/22 19:21,0.0252025,19:21:00
8/8/22 19:22,0.0249975,19:22:00
8/8/22 19:23,0.024628,19:23:00
8/8/22 19:24,0.0247425,19:24:00
8/8/22 19:25,0.0256025,19:25:00
8/8/22 19:26,0.024285,19:26:00
8/8/22 19:27,0.0239425,19:27:00
8/8/22 19:28,0.02401,19:28:00
8/8/22 19:29,0.0219775,19:29:00
8/8/22 19:30,0.022835,19:30:00
8/8/22 19:31,0.0238475,19:31:00
8/8/22 19:32,0.0228125,19:32:00
8/8/22 19:33,0.0238325,19:33:00
8/8/22 19:34,0.0249525,19:34:00
8/8/22 19:35,0.0258575,19:35:00
8/8/22 19:36,0.02594,19:36:00
8/8/22 19:37,0.025745,19:37:00
8/8/22 19:38,0.02689,19:38:00
8/8/22 19:39,0.0269075,19:39:00
8/8/22 19:40,0.0269475,19:40:00
8/8/22 19:41,0.027135,19:41:00
8/8/22 19:42,0.0262825,19:42:00
8/8/22 19:43,0.02599,19:43:00
8/8/22 19:44,0.02643,19:44:00
8/8/22 19:45,0.0259525,19:45:00
8/8/22 19:46,0.0254275,19:46:00
8/8/22 19:47,0.025855,19:47:00
8/8/22 19:48,0.0263675,19:48:00
8/8/22 19:49,0.025835,19:49:00
8/8/22 19:50,0.0257725,19:50:00
8/8/22 19:51,0.0261375,19:51:00
8/8/22 19:52,0.025915,19:52:00
8/8/22 19:53,0.0262375,19:53:00
8/8/22 19:54,0.0262625,19:54:00
8/8/22 19:55,0.0255825,19:55:00
8/8/22 19:56,0.0257225,19:56:00
8/8/22 19:57,0.0264175,19:57:00
8/8/22 19:58,0.0264375,19:58:00
8/8/22 19:59,0.02687,19:59:00
8/8/22 20:00,0.0273225,20:00:00
8/8/22 20:01,0.027525,20:01:00
8/8/22 20:02,0.02602,20:02:00
8/8/22 20:03,0.0262075,20:03:00
8/8/22 20:04,0.02646,20:04:00
8/8/22 20:05,0.02757,20:05:00
8/8/22 20:06,0.0273775,20:06:00
8/8/22 20:07,0.0277775,20:07:00
8/8/22 20:08,0.0274975,20:08:00
8/8/22 20:09,0.0269775,20:09:00
8/8/22 20:10,0.027125,20:10:00
8/8/22 20:11,0.026255,20:11:00
8/8/22 20:12,0.0256175,20:12:00
8/8/22 20:13,0.026352,20:13:00
8/8/22 20:14,0.0259575,20:14:00
8/8/22 20:15,0.0255475,20:15:00
8/8/22 20:16,0.0256275,20:16:00
8/8/22 20:17,0.0259125,20:17:00
8/8/22 20:18,0.027455,20:18:00
8/8/22 20:19,0.0276975,20:19:00
8/8/22 20:20,0.0285525,20:20:00
8/8/22 20:21,0.0296525,20:21:00
8/8/22 20:22,0.0304525,20:22:00
8/8/22 20:23,0.031035,20:23:00
8/8/22 20:24,0.030965,20:24:00
8/8/22 20:25,0.0303775,20:25:00
8/8/22 20:26,0.0294225,20:26:00
8/8/22 20:27,0.0297225,20:27:00
8/8/22 20:28,0.028505,20:28:00
8/8/22 20:29,0.0273,20:29:00
8/8/22 20:30,0.024595,20:30:00
8/8/22 20:31,0.025735,20:31:00
8/8/22 20:32,0.027355,20:32:00
8/8/22 20:33,0.0282275,20:33:00
8/8/22 20:34,0.027945,20:34:00
8/8/22 20:35,0.02861,20:35:00
8/8/22 20:36,0.029135,20:36:00
8/8/22 20:37,0.02976,20:37:00
8/8/22 20:38,0.030695,20:38:00
8/8/22 20:39,0.024055,20:39:00
8/8/22 20:40,0.0226625,20:40:00
8/8/22 20:41,0.01762,20:41:00
8/8/22 20:42,0.01313,20:42:00
8/8/22 20:43,0.0112075,20:43:00
8/8/22 20:44,0.011605,20:44:00
8/8/22 20:45,0.012825,20:45:00
8/8/22 20:46,0.01372,20:46:00
8/8/22 20:47,0.012145,20:47:00
8/8/22 20:48,0.012385,20:48:00
8/8/22 20:49,0.012885,20:49:00
8/8/22 20:50,0.0196325,20:50:00
8/8/22 20:51,0.0241775,20:51:00
8/8/22 20:52,0.0296875,20:52:00
8/8/22 20:53,0.03054,20:53:00
8/8/22 20:54,0.030645,20:54:00
8/8/22 20:55,0.02243,20:55:00
8/8/22 20:56,0.0146,20:56:00
8/8/22 20:57,0.00613225,20:57:00
8/8/22 20:58,0.002095775,20:58:00
8/8/22 20:59,0,20:59:00
8/8/22 21:00,0,21:00:00
8/8/22 21:01,0,21:01:00
8/8/22 21:02,0,21:02:00
8/8/22 21:03,0,21:03:00
8/8/22 21:04,0,21:04:00
8/8/22 21:05,0,21:05:00
8/8/22 21:06,0,21:06:00
8/8/22 21:07,0,21:07:00
8/8/22 21:08,0,21:08:00
8/8/22 21:09,0,21:09:00
8/8/22 21:10,0.00258231,21:10:00
8/8/22 21:11,0.01190875,21:11:00
8/8/22 21:12,0.03135,21:12:00
8/8/22 21:13,0.0340125,21:13:00
8/8/22 21:14,0.01055325,21:14:00
8/8/22 21:15,0.006969,21:15:00
8/8/22 21:16,0.0194455,21:16:00
8/8/22 21:17,0.029185,21:17:00
8/8/22 21:18,0.0299375,21:18:00
8/8/22 21:19,0.01104225,21:19:00
8/8/22 21:20,0.0087975,21:20:00
8/8/22 21:21,0.00818825,21:21:00
8/8/22 21:22,0.00689925,21:22:00
8/8/22 21:23,0.00654475,21:23:00
8/8/22 21:24,0.006127,21:24:00
8/8/22 21:25,0.0207025,21:25:00
8/8/22 21:26,0.0223075,21:26:00
8/8/22 21:27,0.0301675,21:27:00
8/8/22 21:28,0.03122,21:28:00
8/8/22 21:29,0.028885,21:29:00
8/8/22 21:30,0.03073,21:30:00
8/8/22 21:31,0.030625,21:31:00
8/8/22 21:32,0.0308975,21:32:00
8/8/22 21:33,0.0310975,21:33:00
8/8/22 21:34,0.0248325,21:34:00
8/8/22 21:35,0.0319425,21:35:00
8/8/22 21:36,0.0323575,21:36:00
8/8/22 21:37,0.0176,21:37:00
8/8/22 21:38,0.032785,21:38:00
8/8/22 21:39,0.031416,21:39:00
8/8/22 21:40,0.03086,21:40:00
8/8/22 21:41,0.0309525,21:41:00
8/8/22 21:42,0.0312275,21:42:00
8/8/22 21:43,0.03088,21:43:00
8/8/22 21:44,0.0307325,21:44:00
8/8/22 21:45,0.030455,21:45:00
8/8/22 21:46,0.0306775,21:46:00
8/8/22 21:47,0.0297025,21:47:00
8/8/22 21:48,0.0296525,21:48:00
8/8/22 21:49,0.02985,21:49:00
8/8/22 21:50,0.0295325,21:50:00
8/8/22 21:51,0.0290775,21:51:00
8/8/22 21:52,0.0293225,21:52:00
8/8/22 21:53,0.02966,21:53:00
8/8/22 21:54,0.029745,21:54:00
8/8/22 21:55,0.0297425,21:55:00
8/8/22 21:56,0.0300225,21:56:00
8/8/22 21:57,0.030855,21:57:00
8/8/22 21:58,0.0223225,21:58:00
8/8/22 21:59,0.012855,21:59:00
8/8/22 22:00,0.0101655,22:00:00
8/8/22 22:01,0.009388,22:01:00
8/8/22 22:02,0.0159475,22:02:00
8/8/22 22:03,0.0298375,22:03:00
8/8/22 22:04,0.0265375,22:04:00
8/8/22 22:05,0.01781,22:05:00
8/8/22 22:06,0.00584025,22:06:00
8/8/22 22:07,0.00315525,22:07:00
8/8/22 22:08,0.00170725,22:08:00
8/8/22 22:09,0.00124025,22:09:00
8/8/22 22:10,0.00138925,22:10:00
8/8/22 22:11,0.00162975,22:11:00
8/8/22 22:12,0.00169025,22:12:00
8/8/22 22:13,0.00165725,22:13:00
8/8/22 22:14,0.0017145,22:14:00
8/8/22 22:15,0.0020285,22:15:00
8/8/22 22:16,0.002287,22:16:00
8/8/22 22:17,0.0023505,22:17:00
8/8/22 22:18,0.00261325,22:18:00
8/8/22 22:19,0.0028375,22:19:00
8/8/22 22:20,0.0056815,22:20:00
8/8/22 22:21,0.00343775,22:21:00
8/8/22 22:22,0.0041104,22:22:00
8/8/22 22:23,0.00451525,22:23:00
8/8/22 22:24,0.00462825,22:24:00
8/8/22 22:25,0.004889,22:25:00
8/8/22 22:26,0.005262,22:26:00
8/8/22 22:27,0.0060705,22:27:00
8/8/22 22:28,0.00799875,22:28:00
8/8/22 22:29,0.012145,22:29:00
8/8/22 22:30,0.0115125,22:30:00
8/8/22 22:31,0.01258,22:31:00
8/8/22 22:32,0.00820325,22:32:00
8/8/22 22:33,0.00646825,22:33:00
8/8/22 22:34,0.00547175,22:34:00
8/8/22 22:35,0.00503975,22:35:00
8/8/22 22:36,0.004481,22:36:00
8/8/22 22:37,0.00474225,22:37:00
8/8/22 22:38,0.0053495,22:38:00
8/8/22 22:39,0.005826,22:39:00
8/8/22 22:40,0.00639975,22:40:00
8/8/22 22:41,0.00749525,22:41:00
8/8/22 22:42,0.00868575,22:42:00
8/8/22 22:43,0.008455,22:43:00
8/8/22 22:44,0.008365,22:44:00
8/8/22 22:45,0.008758,22:45:00
8/8/22 22:46,0.00973975,22:46:00
8/8/22 22:47,0.010825,22:47:00
8/8/22 22:48,0.01284,22:48:00
8/8/22 22:49,0.0258025,22:49:00
8/8/22 22:50,0.030475,22:50:00
8/8/22 22:51,0.0181225,22:51:00
8/8/22 22:52,0.0135075,22:52:00
8/8/22 22:53,0.0128275,22:53:00
8/8/22 22:54,0.011025,22:54:00
8/8/22 22:55,0.0117405,22:55:00
8/8/22 22:56,0.0197625,22:56:00
8/8/22 22:57,0.00900975,22:57:00
8/8/22 22:58,0.005412,22:58:00
8/8/22 22:59,0.00474875,22:59:00
8/8/22 23:00,0.00450075,23:00:00
8/8/22 23:01,0.004504,23:01:00
8/8/22 23:02,0.004715,23:02:00
8/8/22 23:03,0.00512275,23:03:00
8/8/22 23:04,0.0056424,23:04:00
8/8/22 23:05,0.00643975,23:05:00
8/8/22 23:06,0.00790325,23:06:00
8/8/22 23:07,0.018425,23:07:00
8/8/22 23:08,0.0187025,23:08:00
8/8/22 23:09,0.01627,23:09:00
8/8/22 23:10,0.01464,23:10:00
8/8/22 23:11,0.016585,23:11:00
8/8/22 23:12,0.0166625,23:12:00
8/8/22 23:13,0.0156175,23:13:00
8/8/22 23:14,0.01328,23:14:00
8/8/22 23:15,0.01144,23:15:00
8/8/22 23:16,0.010725,23:16:00
8/8/22 23:17,0.01226,23:17:00
8/8/22 23:18,0.01353,23:18:00
8/8/22 23:19,0.0171325,23:19:00
8/8/22 23:20,0.015455,23:20:00
8/8/22 23:21,0.0146025,23:21:00
8/8/22 23:22,0.0131425,23:22:00
8/8/22 23:23,0.012835,23:23:00
8/8/22 23:24,0.01096,23:24:00
8/8/22 23:25,0.00930125,23:25:00
8/8/22 23:26,0.01054,23:26:00
8/8/22 23:27,0.009267,23:27:00
8/8/22 23:28,0.007741,23:28:00
8/8/22 23:29,0.00831125,23:29:00
8/8/22 23:30,0.00872775,23:30:00
8/8/22 23:31,0.00771275,23:31:00
8/8/22 23:32,0.0066885,23:32:00
8/8/22 23:33,0.00622825,23:33:00
8/8/22 23:34,0.00608975,23:34:00
8/8/22 23:35,0.00572625,23:35:00
8/8/22 23:36,0.005379,23:36:00
8/8/22 23:37,0.00535725,23:37:00
8/8/22 23:38,0.00518525,23:38:00
8/8/22 23:39,0.0049735,23:39:00
8/8/22 23:40,0.00492,23:40:00
8/8/22 23:41,0.00500025,23:41:00
8/8/22 23:42,0.00522425,23:42:00
8/8/22 23:43,0.0056805,23:43:00
8/8/22 23:44,0.006064,23:44:00
8/8/22 23:45,0.00503275,23:45:00
8/8/22 23:46,0.00431825,23:46:00
8/8/22 23:47,0.0040304,23:47:00
8/8/22 23:48,0.00380175,23:48:00
8/8/22 23:49,0.0036375,23:49:00
8/8/22 23:50,0.0032475,23:50:00
8/8/22 23:51,0.00282275,23:51:00
8/8/22 23:52,0.0024015,23:52:00
8/8/22 23:53,0.00173975,23:53:00
8/8/22 23:54,0.001101675,23:54:00
8/8/22 23:55,0.000619575,23:55:00
8/8/22 23:56,0.00034215,23:56:00
8/8/22 23:57,0.000217775,23:57:00
8/8/22 23:58,0.0002602,23:58:00
8/8/22 23:59,0.00032375,23:59:00
8/9/22 17:00,1219.25,17:00:00
8/9/22 17:01,1204.5,17:01:00
8/9/22 17:02,1185,17:02:00
8/9/22 17:03,1161.75,17:03:00
8/9/22 17:04,1137.75,17:04:00
8/9/22 17:05,1112.5,17:05:00
8/9/22 17:06,1090.25,17:06:00
8/9/22 17:07,1070,17:07:00
8/9/22 17:08,1049.75,17:08:00
8/9/22 17:09,1027,17:09:00
8/9/22 17:10,1003.575,17:10:00
8/9/22 17:11,983.125,17:11:00
8/9/22 17:12,963.025,17:12:00
8/9/22 17:13,943.775,17:13:00
8/9/22 17:14,921.2,17:14:00
8/9/22 17:15,896,17:15:00
8/9/22 17:16,868.5,17:16:00
8/9/22 17:17,841.5,17:17:00
8/9/22 17:18,815.175,17:18:00
8/9/22 17:19,789.2,17:19:00
8/9/22 17:20,762.8,17:20:00
8/9/22 17:21,736.05,17:21:00
8/9/22 17:22,709.05,17:22:00
8/9/22 17:23,681.875,17:23:00
8/9/22 17:24,652.7,17:24:00
8/9/22 17:25,622.95,17:25:00
8/9/22 17:26,595.35,17:26:00
8/9/22 17:27,566.175,17:27:00
8/9/22 17:28,536.275,17:28:00
8/9/22 17:29,508.15,17:29:00
8/9/22 17:30,478.2,17:30:00
8/9/22 17:31,449.625,17:31:00
8/9/22 17:32,422.15,17:32:00
8/9/22 17:33,395.05,17:33:00
8/9/22 17:34,367.3,17:34:00
8/9/22 17:35,340.25,17:35:00
8/9/22 17:36,313.575,17:36:00
8/9/22 17:37,287.525,17:37:00
8/9/22 17:38,261.7,17:38:00
8/9/22 17:39,233.32,17:39:00
8/9/22 17:40,205.9,17:40:00
8/9/22 17:41,181.775,17:41:00
8/9/22 17:42,158.175,17:42:00
8/9/22 17:43,135.75,17:43:00
8/9/22 17:44,115.125,17:44:00
8/9/22 17:45,96.6075,17:45:00
8/9/22 17:46,80.255,17:46:00
8/9/22 17:47,66.04,17:47:00
8/9/22 17:48,53.7675,17:48:00
8/9/22 17:49,43.68,17:49:00
8/9/22 17:50,35.535,17:50:00
8/9/22 17:51,28.805,17:51:00
8/9/22 17:52,23.18,17:52:00
8/9/22 17:53,18.2675,17:53:00
8/9/22 17:54,13.865,17:54:00
8/9/22 17:55,10.3055,17:55:00
8/9/22 17:56,7.744,17:56:00
8/9/22 17:57,5.887,17:57:00
8/9/22 17:58,4.47775,17:58:00
8/9/22 17:59,3.3945,17:59:00
8/9/22 18:00,2.596,18:00:00
8/9/22 18:01,1.98075,18:01:00
8/9/22 18:02,1.51675,18:02:00
8/9/22 18:03,1.15875,18:03:00
8/9/22 18:04,0.8797,18:04:00
8/9/22 18:05,0.663525,18:05:00
8/9/22 18:06,0.498325,18:06:00
8/9/22 18:07,0.3741,18:07:00
8/9/22 18:08,0.281775,18:08:00
8/9/22 18:09,0.205275,18:09:00
8/9/22 18:10,0.147375,18:10:00
8/9/22 18:11,0.1073525,18:11:00
8/9/22 18:12,0.07858,18:12:00
8/9/22 18:13,0.056275,18:13:00
8/9/22 18:14,0.04083,18:14:00
8/9/22 18:15,0.02024,18:15:00
8/9/22 18:16,0.014225,18:16:00
8/9/22 18:17,0.0110925,18:17:00
8/9/22 18:18,0.009138,18:18:00
8/9/22 18:19,0.0068525,18:19:00
8/9/22 18:20,0.0042028,18:20:00
8/9/22 18:21,0.0023585,18:21:00
8/9/22 18:22,0.00186025,18:22:00
8/9/22 18:23,0.00407425,18:23:00
8/9/22 18:24,0.00480625,18:24:00
8/9/22 18:25,0.000714625,18:25:00
8/9/22 18:26,0,18:26:00
8/9/22 18:27,0,18:27:00
8/9/22 18:28,0,18:28:00
8/9/22 18:29,0,18:29:00
8/9/22 18:30,0,18:30:00
8/9/22 18:31,0,18:31:00
8/9/22 18:32,0,18:32:00
8/9/22 18:33,4.95E-06,18:33:00
8/9/22 18:34,8.37E-05,18:34:00
8/9/22 18:35,0,18:35:00
8/9/22 18:36,0,18:36:00
8/9/22 18:37,0,18:37:00
8/9/22 18:38,0,18:38:00
8/9/22 18:39,0,18:39:00
8/9/22 18:40,0,18:40:00
8/9/22 18:41,0,18:41:00
8/9/22 18:42,0,18:42:00
8/9/22 18:43,0,18:43:00
8/9/22 18:44,0,18:44:00
8/9/22 18:45,5.00E-04,18:45:00
8/9/22 18:46,0.0070405,18:46:00
8/9/22 18:47,0.0138075,18:47:00
8/9/22 18:48,0.01160125,18:48:00
8/9/22 18:49,0.0079995,18:49:00
8/9/22 18:50,0.0095465,18:50:00
8/9/22 18:51,0.00387875,18:51:00
8/9/22 18:52,0.00199225,18:52:00
8/9/22 18:53,0.0001053,18:53:00
8/9/22 18:54,0,18:54:00
8/9/22 18:55,0.00484915,18:55:00
8/9/22 18:56,0.0153425,18:56:00
8/9/22 18:57,0.01352225,18:57:00
8/9/22 18:58,0.00409235,18:58:00
8/9/22 18:59,0,18:59:00
8/9/22 19:00,0,19:00:00
8/9/22 19:01,0.001024675,19:01:00
8/9/22 19:02,0.0140542,19:02:00
8/9/22 19:03,0.02466,19:03:00
8/9/22 19:04,0.02788,19:04:00
8/9/22 19:05,0.02089,19:05:00
8/9/22 19:06,0.0167625,19:06:00
8/9/22 19:07,0.020315,19:07:00
8/9/22 19:08,0.0292775,19:08:00
8/9/22 19:09,0.0328525,19:09:00
8/9/22 19:10,0.0392475,19:10:00
8/9/22 19:11,0.041515,19:11:00
8/9/22 19:12,0.039025,19:12:00
8/9/22 19:13,0.0372325,19:13:00
8/9/22 19:14,0.0294125,19:14:00
8/9/22 19:15,0.0171675,19:15:00
8/9/22 19:16,0.016295,19:16:00
8/9/22 19:17,0.0290725,19:17:00
8/9/22 19:18,0.040595,19:18:00
8/9/22 19:19,0.043765,19:19:00
8/9/22 19:20,0.0443775,19:20:00
8/9/22 19:21,0.0409375,19:21:00
8/9/22 19:22,0.02973,19:22:00
8/9/22 19:23,0.0788975,19:23:00
8/9/22 19:24,0.100945,19:24:00
8/9/22 19:25,0.059525,19:25:00
8/9/22 19:26,0.041125,19:26:00
8/9/22 19:27,0.0311575,19:27:00
8/9/22 19:28,0.0180925,19:28:00
8/9/22 19:29,0.0314175,19:29:00
8/9/22 19:30,0.0252825,19:30:00
8/9/22 19:31,0.04309,19:31:00
8/9/22 19:32,0.1104,19:32:00
8/9/22 19:33,0.104375,19:33:00
8/9/22 19:34,0.103125,19:34:00
8/9/22 19:35,0.102825,19:35:00
8/9/22 19:36,0.1029,19:36:00
8/9/22 19:37,0.102975,19:37:00
8/9/22 19:38,0.103025,19:38:00
8/9/22 19:39,0.102925,19:39:00
8/9/22 19:40,0.102825,19:40:00
8/9/22 19:41,0.10305,19:41:00
8/9/22 19:42,0.10325,19:42:00
8/9/22 19:43,0.1038,19:43:00
8/9/22 19:44,0.1035,19:44:00
8/9/22 19:45,0.10378,19:45:00
8/9/22 19:46,0.1047,19:46:00
8/9/22 19:47,0.10495,19:47:00
8/9/22 19:48,0.105925,19:48:00
8/9/22 19:49,0.106325,19:49:00
8/9/22 19:50,0.10635,19:50:00
8/9/22 19:51,0.1068,19:51:00
8/9/22 19:52,0.107075,19:52:00
8/9/22 19:53,0.1075,19:53:00
8/9/22 19:54,0.10825,19:54:00
8/9/22 19:55,0.107325,19:55:00
8/9/22 19:56,0.084155,19:56:00
8/9/22 19:57,0.0581125,19:57:00
8/9/22 19:58,0.0246525,19:58:00
8/9/22 19:59,0.010305,19:59:00
8/9/22 20:00,0.0130325,20:00:00
8/9/22 20:01,0.026055,20:01:00
8/9/22 20:02,0.0288175,20:02:00
8/9/22 20:03,0.02391,20:03:00
8/9/22 20:04,0.01260425,20:04:00
8/9/22 20:05,0.004548,20:05:00
8/9/22 20:06,0.016117,20:06:00
8/9/22 20:07,0.0418325,20:07:00
8/9/22 20:08,0.116625,20:08:00
8/9/22 20:09,0.11875,20:09:00
8/9/22 20:10,0.027979,20:10:00
8/9/22 20:11,0.0024695,20:11:00
8/9/22 20:12,0.000184075,20:12:00
8/9/22 20:13,0,20:13:00
8/9/22 20:14,0,20:14:00
8/9/22 20:15,0,20:15:00
8/9/22 20:16,0,20:16:00
8/9/22 20:17,0,20:17:00
8/9/22 20:18,0,20:18:00
8/9/22 20:19,0,20:19:00
8/9/22 20:20,0,20:20:00
8/9/22 20:21,0,20:21:00
8/9/22 20:22,7.76E-05,20:22:00
8/9/22 20:23,0.000124839,20:23:00
8/9/22 20:24,0.000414475,20:24:00
8/9/22 20:25,0.00020415,20:25:00
8/9/22 20:26,0.000652625,20:26:00
8/9/22 20:27,0.0012198,20:27:00
8/9/22 20:28,0.00156,20:28:00
8/9/22 20:29,0.00156825,20:29:00
8/9/22 20:30,0.00121075,20:30:00
8/9/22 20:31,0.0011425,20:31:00
8/9/22 20:32,0.00129425,20:32:00
8/9/22 20:33,0.00154,20:33:00
8/9/22 20:34,0.0019275,20:34:00
8/9/22 20:35,0.00236,20:35:00
8/9/22 20:36,0.00277825,20:36:00
8/9/22 20:37,0.0031955,20:37:00
8/9/22 20:38,0.00351875,20:38:00
8/9/22 20:39,0.00376975,20:39:00
8/9/22 20:40,0.00402575,20:40:00
8/9/22 20:41,0.00434275,20:41:00
8/9/22 20:42,0.00435625,20:42:00
8/9/22 20:43,0.0040285,20:43:00
8/9/22 20:44,0.00377825,20:44:00
8/9/22 20:45,0.0039425,20:45:00
8/9/22 20:46,0.00439925,20:46:00
8/9/22 20:47,0.0049225,20:47:00
8/9/22 20:48,0.0055275,20:48:00
8/9/22 20:49,0.00630175,20:49:00
8/9/22 20:50,0.007085,20:50:00
8/9/22 20:51,0.00812175,20:51:00
8/9/22 20:52,0.0101105,20:52:00
8/9/22 20:53,0.012925,20:53:00
8/9/22 20:54,0.01317,20:54:00
8/9/22 20:55,0.0131675,20:55:00
8/9/22 20:56,0.0126225,20:56:00
8/9/22 20:57,0.0130275,20:57:00
8/9/22 20:58,0.0144625,20:58:00
8/9/22 20:59,0.01455,20:59:00
8/9/22 21:00,0.01502,21:00:00
8/9/22 21:01,0.015795,21:01:00
8/9/22 21:02,0.0167225,21:02:00
8/9/22 21:03,0.0201525,21:03:00
8/9/22 21:04,0.0205575,21:04:00
8/9/22 21:05,0.02277,21:05:00
8/9/22 21:06,0.025995,21:06:00
8/9/22 21:07,0.0278925,21:07:00
8/9/22 21:08,0.0330675,21:08:00
8/9/22 21:09,0.038455,21:09:00
8/9/22 21:10,0.04193,21:10:00
8/9/22 21:11,0.068982,21:11:00
8/9/22 21:12,0.106575,21:12:00
8/9/22 21:13,0.113175,21:13:00
8/9/22 21:14,0.12145,21:14:00
8/9/22 21:15,0.127625,21:15:00
8/9/22 21:16,0.129775,21:16:00
8/9/22 21:17,0.13115,21:17:00
8/9/22 21:18,0.1343,21:18:00
8/9/22 21:19,0.135,21:19:00
8/9/22 21:20,0.134925,21:20:00
8/9/22 21:21,0.1345,21:21:00
8/9/22 21:22,0.131475,21:22:00
8/9/22 21:23,0.127925,21:23:00
8/9/22 21:24,0.127425,21:24:00
8/9/22 21:25,0.1288,21:25:00
8/9/22 21:26,0.1278,21:26:00
8/9/22 21:27,0.129475,21:27:00
8/9/22 21:28,0.129425,21:28:00
8/9/22 21:29,0.129075,21:29:00
8/9/22 21:30,0.1295,21:30:00
8/9/22 21:31,0.1302,21:31:00
8/9/22 21:32,0.131275,21:32:00
8/9/22 21:33,0.134025,21:33:00
8/9/22 21:34,0.11967,21:34:00
8/9/22 21:35,0.080615,21:35:00
8/9/22 21:36,0.0908925,21:36:00
8/9/22 21:37,0.135575,21:37:00
8/9/22 21:38,0.1381,21:38:00
8/9/22 21:39,0.137875,21:39:00
8/9/22 21:40,0.1134775,21:40:00
8/9/22 21:41,0.0827275,21:41:00
8/9/22 21:42,0.0882275,21:42:00
8/9/22 21:43,0.0543775,21:43:00
8/9/22 21:44,0.028515,21:44:00
8/9/22 21:45,0.0192,21:45:00
8/9/22 21:46,0.022905,21:46:00
8/9/22 21:47,0.0322275,21:47:00
8/9/22 21:48,0.0258325,21:48:00
8/9/22 21:49,0.0364425,21:49:00
8/9/22 21:50,0.032015,21:50:00
8/9/22 21:51,0.03309,21:51:00
8/9/22 21:52,0.0227025,21:52:00
8/9/22 21:53,0.0268175,21:53:00
8/9/22 21:54,0.059058,21:54:00
8/9/22 21:55,0.095825,21:55:00
8/9/22 21:56,0.0352625,21:56:00
8/9/22 21:57,0.0665225,21:57:00
8/9/22 21:58,0.04538,21:58:00
8/9/22 21:59,0.1045025,21:59:00
8/9/22 22:00,0.135825,22:00:00
8/9/22 22:01,0.140125,22:01:00
8/9/22 22:02,0.1280375,22:02:00
8/9/22 22:03,0.123495,22:03:00
8/9/22 22:04,0.0817675,22:04:00
8/9/22 22:05,0.0841725,22:05:00
8/9/22 22:06,0.051355,22:06:00
8/9/22 22:07,0.0548175,22:07:00
8/9/22 22:08,0.110325,22:08:00
8/9/22 22:09,0.13345,22:09:00
8/9/22 22:10,0.12835,22:10:00
8/9/22 22:11,0.12715,22:11:00
8/9/22 22:12,0.1297,22:12:00
8/9/22 22:13,0.131125,22:13:00
8/9/22 22:14,0.127475,22:14:00
8/9/22 22:15,0.1126125,22:15:00
8/9/22 22:16,0.12915,22:16:00
8/9/22 22:17,0.124925,22:17:00
8/9/22 22:18,0.12415,22:18:00
8/9/22 22:19,0.124225,22:19:00
8/9/22 22:20,0.1231,22:20:00
8/9/22 22:21,0.12295,22:21:00
8/9/22 22:22,0.122825,22:22:00
8/9/22 22:23,0.12165,22:23:00
8/9/22 22:24,0.116025,22:24:00
8/9/22 22:25,0.107,22:25:00
8/9/22 22:26,0.12775,22:26:00
8/9/22 22:27,0.12825,22:27:00
8/9/22 22:28,0.127125,22:28:00
8/9/22 22:29,0.126625,22:29:00
8/9/22 22:30,0.12635,22:30:00
8/9/22 22:31,0.115575,22:31:00
8/9/22 22:32,0.130075,22:32:00
8/9/22 22:33,0.1362,22:33:00
8/9/22 22:34,0.127,22:34:00
8/9/22 22:35,0.0626725,22:35:00
8/9/22 22:36,0.031015,22:36:00
8/9/22 22:37,0.0252425,22:37:00
8/9/22 22:38,0.0300625,22:38:00
8/9/22 22:39,0.107072,22:39:00
8/9/22 22:40,0.118575,22:40:00
8/9/22 22:41,0.117575,22:41:00
8/9/22 22:42,0.1146,22:42:00
8/9/22 22:43,0.11575,22:43:00
8/9/22 22:44,0.116775,22:44:00
8/9/22 22:45,0.115925,22:45:00
8/9/22 22:46,0.114675,22:46:00
8/9/22 22:47,0.114175,22:47:00
8/9/22 22:48,0.114425,22:48:00
8/9/22 22:49,0.11285,22:49:00
8/9/22 22:50,0.113225,22:50:00
8/9/22 22:51,0.113375,22:51:00
8/9/22 22:52,0.112975,22:52:00
8/9/22 22:53,0.112575,22:53:00
8/9/22 22:54,0.110725,22:54:00
8/9/22 22:55,0.1109,22:55:00
8/9/22 22:56,0.10775,22:56:00
8/9/22 22:57,0.102675,22:57:00
8/9/22 22:58,0.10365,22:58:00
8/9/22 22:59,0.104125,22:59:00
8/9/22 23:00,0.10635,23:00:00
8/9/22 23:01,0.106825,23:01:00
8/9/22 23:02,0.108725,23:02:00
8/9/22 23:03,0.108775,23:03:00
8/9/22 23:04,0.107975,23:04:00
8/9/22 23:05,0.10735,23:05:00
8/9/22 23:06,0.10535,23:06:00
8/9/22 23:07,0.106775,23:07:00
8/9/22 23:08,0.106775,23:08:00
8/9/22 23:09,0.1068,23:09:00
8/9/22 23:10,0.106075,23:10:00
8/9/22 23:11,0.106675,23:11:00
8/9/22 23:12,0.10595,23:12:00
8/9/22 23:13,0.1055,23:13:00
8/9/22 23:14,0.1051,23:14:00
8/9/22 23:15,0.10495,23:15:00
8/9/22 23:16,0.10495,23:16:00
8/9/22 23:17,0.104675,23:17:00
8/9/22 23:18,0.10455,23:18:00
8/9/22 23:19,0.104425,23:19:00
8/9/22 23:20,0.103175,23:20:00
8/9/22 23:21,0.103125,23:21:00
8/9/22 23:22,0.103475,23:22:00
8/9/22 23:23,0.10368,23:23:00
8/9/22 23:24,0.103675,23:24:00
8/9/22 23:25,0.1032,23:25:00
8/9/22 23:26,0.10195,23:26:00
8/9/22 23:27,0.1023,23:27:00
8/9/22 23:28,0.10235,23:28:00
8/9/22 23:29,0.101375,23:29:00
8/9/22 23:30,0.1006275,23:30:00
8/9/22 23:31,0.09916,23:31:00
8/9/22 23:32,0.0984525,23:32:00
8/9/22 23:33,0.09971,23:33:00
8/9/22 23:34,0.101625,23:34:00
8/9/22 23:35,0.101075,23:35:00
8/9/22 23:36,0.101,23:36:00
8/9/22 23:37,0.10032,23:37:00
8/9/22 23:38,0.10011,23:38:00
8/9/22 23:39,0.1002,23:39:00
8/9/22 23:40,0.100375,23:40:00
8/9/22 23:41,0.1006,23:41:00
8/9/22 23:42,0.100225,23:42:00
8/9/22 23:43,0.09913,23:43:00
8/9/22 23:44,0.098785,23:44:00
8/9/22 23:45,0.0984775,23:45:00
8/9/22 23:46,0.0982925,23:46:00
8/9/22 23:47,0.0978125,23:47:00
8/9/22 23:48,0.0968275,23:48:00
8/9/22 23:49,0.0966125,23:49:00
8/9/22 23:50,0.09441,23:50:00
8/9/22 23:51,0.0952825,23:51:00
8/9/22 23:52,0.09646,23:52:00
8/9/22 23:53,0.096405,23:53:00
8/9/22 23:54,0.095555,23:54:00
8/9/22 23:55,0.0949075,23:55:00
8/9/22 23:56,0.093415,23:56:00
8/9/22 23:57,0.0947325,23:57:00
8/9/22 23:58,0.0938375,23:58:00
8/9/22 23:59,0.094385,23:59:00
8/10/22 17:00,1391.75,17:00:00
8/10/22 17:01,1370.25,17:01:00
8/10/22 17:02,1330.75,17:02:00
8/10/22 17:03,1268.5,17:03:00
8/10/22 17:04,1197.25,17:04:00
8/10/22 17:05,1125.25,17:05:00
8/10/22 17:06,1058.25,17:06:00
8/10/22 17:07,1013,17:07:00
8/10/22 17:08,1003.3,17:08:00
8/10/22 17:09,1006.35,17:09:00
8/10/22 17:10,963.35,17:10:00
8/10/22 17:11,911.475,17:11:00
8/10/22 17:12,882.1,17:12:00
8/10/22 17:13,917.3,17:13:00
8/10/22 17:14,877.325,17:14:00
8/10/22 17:15,868.325,17:15:00
8/10/22 17:16,950.5,17:16:00
8/10/22 17:17,930.06,17:17:00
8/10/22 17:18,849.65,17:18:00
8/10/22 17:19,768.425,17:19:00
8/10/22 17:20,778.2,17:20:00
8/10/22 17:21,817.725,17:21:00
8/10/22 17:22,808.5,17:22:00
8/10/22 17:23,702.925,17:23:00
8/10/22 17:24,618.925,17:24:00
8/10/22 17:25,573.975,17:25:00
8/10/22 17:26,534.225,17:26:00
8/10/22 17:27,480.4,17:27:00
8/10/22 17:28,435.9,17:28:00
8/10/22 17:29,392.25,17:29:00
8/10/22 17:30,352.575,17:30:00
8/10/22 17:31,271.425,17:31:00
8/10/22 17:32,206.825,17:32:00
8/10/22 17:33,181.875,17:33:00
8/10/22 17:34,164.5,17:34:00
8/10/22 17:35,140.025,17:35:00
8/10/22 17:36,139.7,17:36:00
8/10/22 17:37,128.7,17:37:00
8/10/22 17:38,120.725,17:38:00
8/10/22 17:39,102.0225,17:39:00
8/10/22 17:40,104.7775,17:40:00
8/10/22 17:41,87.1775,17:41:00
8/10/22 17:42,75.6325,17:42:00
8/10/22 17:43,85.8475,17:43:00
8/10/22 17:44,78.06,17:44:00
8/10/22 17:45,68.0675,17:45:00
8/10/22 17:46,59.215,17:46:00
8/10/22 17:47,51.065,17:47:00
8/10/22 17:48,44.1775,17:48:00
8/10/22 17:49,38.14,17:49:00
8/10/22 17:50,32.505,17:50:00
8/10/22 17:51,27.4225,17:51:00
8/10/22 17:52,22.14,17:52:00
8/10/22 17:53,17.4275,17:53:00
8/10/22 17:54,13.1175,17:54:00
8/10/22 17:55,9.50825,17:55:00
8/10/22 17:56,6.992,17:56:00
8/10/22 17:57,5.15675,17:57:00
8/10/22 17:58,3.83525,17:58:00
8/10/22 17:59,2.7076,17:59:00
8/10/22 18:00,1.86325,18:00:00
8/10/22 18:01,1.36525,18:01:00
8/10/22 18:02,0.98315,18:02:00
8/10/22 18:03,0.602075,18:03:00
8/10/22 18:04,0.381075,18:04:00
8/10/22 18:05,0.3386,18:05:00
8/10/22 18:06,0.283625,18:06:00
8/10/22 18:07,0.209225,18:07:00
8/10/22 18:08,0.153975,18:08:00
8/10/22 18:09,0.128375,18:09:00
8/10/22 18:10,0.0980275,18:10:00
8/10/22 18:11,0.0711525,18:11:00
8/10/22 18:12,0.02362225,18:12:00
8/10/22 18:13,0.010446,18:13:00
8/10/22 18:14,0.01245,18:14:00
8/10/22 18:15,0.00823975,18:15:00
8/10/22 18:16,0.002908,18:16:00
8/10/22 18:17,0.00131275,18:17:00
8/10/22 18:18,0.0007513,18:18:00
8/10/22 18:19,0,18:19:00
8/10/22 18:20,0,18:20:00
8/10/22 18:21,0,18:21:00
8/10/22 18:22,0,18:22:00
8/10/22 18:23,0,18:23:00
8/10/22 18:24,0,18:24:00
8/10/22 18:25,0,18:25:00
8/10/22 18:26,0,18:26:00
8/10/22 18:27,0,18:27:00
8/10/22 18:28,0,18:28:00
8/10/22 18:29,0,18:29:00
8/10/22 18:30,0,18:30:00
8/10/22 18:31,0,18:31:00
8/10/22 18:32,0,18:32:00
8/10/22 18:33,0,18:33:00
8/10/22 18:34,0,18:34:00
8/10/22 18:35,0,18:35:00
8/10/22 18:36,0,18:36:00
8/10/22 18:37,0,18:37:00
8/10/22 18:38,0,18:38:00
8/10/22 18:39,0,18:39:00
8/10/22 18:40,0,18:40:00
8/10/22 18:41,0,18:41:00
8/10/22 18:42,0,18:42:00
8/10/22 18:43,0,18:43:00
8/10/22 18:44,0,18:44:00
8/10/22 18:45,0,18:45:00
8/10/22 18:46,0,18:46:00
8/10/22 18:47,0,18:47:00
8/10/22 18:48,0,18:48:00
8/10/22 18:49,0,18:49:00
8/10/22 18:50,0,18:50:00
8/10/22 18:51,0,18:51:00
8/10/22 18:52,0,18:52:00
8/10/22 18:53,0,18:53:00
8/10/22 18:54,0,18:54:00
8/10/22 18:55,0,18:55:00
8/10/22 18:56,0,18:56:00
8/10/22 18:57,0,18:57:00
8/10/22 18:58,0,18:58:00
8/10/22 18:59,0,18:59:00
8/10/22 19:00,0,19:00:00
8/10/22 19:01,0,19:01:00
8/10/22 19:02,0,19:02:00
8/10/22 19:03,0,19:03:00
8/10/22 19:04,0,19:04:00
8/10/22 19:05,0,19:05:00
8/10/22 19:06,0,19:06:00
8/10/22 19:07,0,19:07:00
8/10/22 19:08,0,19:08:00
8/10/22 19:09,0,19:09:00
8/10/22 19:10,0,19:10:00
8/10/22 19:11,0,19:11:00
8/10/22 19:12,0,19:12:00
8/10/22 19:13,0,19:13:00
8/10/22 19:14,0,19:14:00
8/10/22 19:15,0,19:15:00
8/10/22 19:16,0,19:16:00
8/10/22 19:17,0,19:17:00
8/10/22 19:18,0,19:18:00
8/10/22 19:19,0,19:19:00
8/10/22 19:20,0,19:20:00
8/10/22 19:21,0,19:21:00
8/10/22 19:22,0,19:22:00
8/10/22 19:23,0,19:23:00
8/10/22 19:24,0.00114641,19:24:00
8/10/22 19:25,0.0013856,19:25:00
8/10/22 19:26,7.08E-05,19:26:00
8/10/22 19:27,0,19:27:00
8/10/22 19:28,0.000615125,19:28:00
8/10/22 19:29,0.0007529,19:29:00
8/10/22 19:30,0,19:30:00
8/10/22 19:31,0,19:31:00
8/10/22 19:32,1.58E-05,19:32:00
8/10/22 19:33,8.64E-05,19:33:00
8/10/22 19:34,6.42E-06,19:34:00
8/10/22 19:35,6.15E-05,19:35:00
8/10/22 19:36,0.00045665,19:36:00
8/10/22 19:37,0.00165675,19:37:00
8/10/22 19:38,0.00250625,19:38:00
8/10/22 19:39,0.003433,19:39:00
8/10/22 19:40,0.00263075,19:40:00
8/10/22 19:41,0.003759,19:41:00
8/10/22 19:42,0.00800075,19:42:00
8/10/22 19:43,0.00807975,19:43:00
8/10/22 19:44,0.00626325,19:44:00
8/10/22 19:45,0.00655925,19:45:00
8/10/22 19:46,0.008252,19:46:00
8/10/22 19:47,0.0085085,19:47:00
8/10/22 19:48,0.009876,19:48:00
8/10/22 19:49,0.011905,19:49:00
8/10/22 19:50,0.0122675,19:50:00
8/10/22 19:51,0.01222,19:51:00
8/10/22 19:52,0.01169,19:52:00
8/10/22 19:53,0.012075,19:53:00
8/10/22 19:54,0.01025475,19:54:00
8/10/22 19:55,0.01012525,19:55:00
8/10/22 19:56,0.0123,19:56:00
8/10/22 19:57,0.0115525,19:57:00
8/10/22 19:58,0.0125575,19:58:00
8/10/22 19:59,0.0114075,19:59:00
8/10/22 20:00,0.0104035,20:00:00
8/10/22 20:01,0.01033,20:01:00
8/10/22 20:02,0.01029775,20:02:00
8/10/22 20:03,0.0125025,20:03:00
8/10/22 20:04,0.0137025,20:04:00
8/10/22 20:05,0.0175525,20:05:00
8/10/22 20:06,0.0174125,20:06:00
8/10/22 20:07,0.0205725,20:07:00
8/10/22 20:08,0.020532,20:08:00
8/10/22 20:09,0.019245,20:09:00
8/10/22 20:10,0.0188325,20:10:00
8/10/22 20:11,0.0170075,20:11:00
8/10/22 20:12,0.0171575,20:12:00
8/10/22 20:13,0.016405,20:13:00
8/10/22 20:14,0.0162325,20:14:00
8/10/22 20:15,0.01631,20:15:00
8/10/22 20:16,0.017015,20:16:00
8/10/22 20:17,0.01684,20:17:00
8/10/22 20:18,0.01556,20:18:00
8/10/22 20:19,0.01794,20:19:00
8/10/22 20:20,0.015415,20:20:00
8/10/22 20:21,0.01525,20:21:00
8/10/22 20:22,0.0157725,20:22:00
8/10/22 20:23,0.01438,20:23:00
8/10/22 20:24,0.014515,20:24:00
8/10/22 20:25,0.0145125,20:25:00
8/10/22 20:26,0.013725,20:26:00
8/10/22 20:27,0.014245,20:27:00
8/10/22 20:28,0.0151275,20:28:00
8/10/22 20:29,0.0151275,20:29:00
8/10/22 20:30,0.0148225,20:30:00
8/10/22 20:31,0.0138475,20:31:00
8/10/22 20:32,0.013935,20:32:00
8/10/22 20:33,0.01433,20:33:00
8/10/22 20:34,0.014215,20:34:00
8/10/22 20:35,0.013695,20:35:00
8/10/22 20:36,0.0128625,20:36:00
8/10/22 20:37,0.0128375,20:37:00
8/10/22 20:38,0.012915,20:38:00
8/10/22 20:39,0.01288,20:39:00
8/10/22 20:40,0.01277,20:40:00
8/10/22 20:41,0.013505,20:41:00
8/10/22 20:42,0.013885,20:42:00
8/10/22 20:43,0.0141075,20:43:00
8/10/22 20:44,0.0139875,20:44:00
8/10/22 20:45,0.014815,20:45:00
8/10/22 20:46,0.0141325,20:46:00
8/10/22 20:47,0.0134375,20:47:00
8/10/22 20:48,0.013005,20:48:00
8/10/22 20:49,0.01325,20:49:00
8/10/22 20:50,0.01411,20:50:00
8/10/22 20:51,0.0166325,20:51:00
8/10/22 20:52,0.021838,20:52:00
8/10/22 20:53,0.0198275,20:53:00
8/10/22 20:54,0.018265,20:54:00
8/10/22 20:55,0.0188125,20:55:00
8/10/22 20:56,0.0174725,20:56:00
8/10/22 20:57,0.017135,20:57:00
8/10/22 20:58,0.016895,20:58:00
8/10/22 20:59,0.017195,20:59:00
8/10/22 21:00,0.01828,21:00:00
8/10/22 21:01,0.015855,21:01:00
8/10/22 21:02,0.01549,21:02:00
8/10/22 21:03,0.0187925,21:03:00
8/10/22 21:04,0.0172075,21:04:00
8/10/22 21:05,0.0154275,21:05:00
8/10/22 21:06,0.0172925,21:06:00
8/10/22 21:07,0.01636,21:07:00
8/10/22 21:08,0.013765,21:08:00
8/10/22 21:09,0.014885,21:09:00
8/10/22 21:10,0.0150525,21:10:00
8/10/22 21:11,0.0137575,21:11:00
8/10/22 21:12,0.014265,21:12:00
8/10/22 21:13,0.013385,21:13:00
8/10/22 21:14,0.012065,21:14:00
8/10/22 21:15,0.0134025,21:15:00
8/10/22 21:16,0.013505,21:16:00
8/10/22 21:17,0.0123825,21:17:00
8/10/22 21:18,0.0122075,21:18:00
8/10/22 21:19,0.01362,21:19:00
8/10/22 21:20,0.0161925,21:20:00
8/10/22 21:21,0.01783,21:21:00
8/10/22 21:22,0.017925,21:22:00
8/10/22 21:23,0.0200525,21:23:00
8/10/22 21:24,0.0208475,21:24:00
8/10/22 21:25,0.02041,21:25:00
8/10/22 21:26,0.0217425,21:26:00
8/10/22 21:27,0.022365,21:27:00
8/10/22 21:28,0.024375,21:28:00
8/10/22 21:29,0.02278,21:29:00
8/10/22 21:30,0.02201,21:30:00
8/10/22 21:31,0.025555,21:31:00
8/10/22 21:32,0.02836,21:32:00
8/10/22 21:33,0.027165,21:33:00
8/10/22 21:34,0.0251025,21:34:00
8/10/22 21:35,0.0240525,21:35:00
8/10/22 21:36,0.0240825,21:36:00
8/10/22 21:37,0.0220025,21:37:00
8/10/22 21:38,0.0200275,21:38:00
8/10/22 21:39,0.0184725,21:39:00
8/10/22 21:40,0.0184175,21:40:00
8/10/22 21:41,0.01885,21:41:00
8/10/22 21:42,0.0176075,21:42:00
8/10/22 21:43,0.01705,21:43:00
8/10/22 21:44,0.01696,21:44:00
8/10/22 21:45,0.0158925,21:45:00
8/10/22 21:46,0.0148925,21:46:00
8/10/22 21:47,0.0149125,21:47:00
8/10/22 21:48,0.0164825,21:48:00
8/10/22 21:49,0.020925,21:49:00
8/10/22 21:50,0.0237675,21:50:00
8/10/22 21:51,0.02632,21:51:00
8/10/22 21:52,0.031535,21:52:00
8/10/22 21:53,0.0258975,21:53:00
8/10/22 21:54,0.021415,21:54:00
8/10/22 21:55,0.02155,21:55:00
8/10/22 21:56,0.02308,21:56:00
8/10/22 21:57,0.023295,21:57:00
8/10/22 21:58,0.0250325,21:58:00
8/10/22 21:59,0.02425,21:59:00
8/10/22 22:00,0.02085,22:00:00
8/10/22 22:01,0.021282,22:01:00
8/10/22 22:02,0.024105,22:02:00
8/10/22 22:03,0.0238775,22:03:00
8/10/22 22:04,0.01895,22:04:00
8/10/22 22:05,0.019995,22:05:00
8/10/22 22:06,0.0226875,22:06:00
8/10/22 22:07,0.0210225,22:07:00
8/10/22 22:08,0.017955,22:08:00
8/10/22 22:09,0.0221,22:09:00
8/10/22 22:10,0.019755,22:10:00
8/10/22 22:11,0.019305,22:11:00
8/10/22 22:12,0.0218475,22:12:00
8/10/22 22:13,0.0197875,22:13:00
8/10/22 22:14,0.020025,22:14:00
8/10/22 22:15,0.022655,22:15:00
8/10/22 22:16,0.0208375,22:16:00
8/10/22 22:17,0.0212075,22:17:00
8/10/22 22:18,0.0245725,22:18:00
8/10/22 22:19,0.025585,22:19:00
8/10/22 22:20,0.02267,22:20:00
8/10/22 22:21,0.022115,22:21:00
8/10/22 22:22,0.02281,22:22:00
8/10/22 22:23,0.02265,22:23:00
8/10/22 22:24,0.023855,22:24:00
8/10/22 22:25,0.0210175,22:25:00
8/10/22 22:26,0.02564,22:26:00
8/10/22 22:27,0.0300425,22:27:00
8/10/22 22:28,0.02434,22:28:00
8/10/22 22:29,0.0229475,22:29:00
8/10/22 22:30,0.019495,22:30:00
8/10/22 22:31,0.0173825,22:31:00
8/10/22 22:32,0.0232025,22:32:00
8/10/22 22:33,0.0338325,22:33:00
8/10/22 22:34,0.02816,22:34:00
8/10/22 22:35,0.0239625,22:35:00
8/10/22 22:36,0.027325,22:36:00
8/10/22 22:37,0.0289525,22:37:00
8/10/22 22:38,0.0305075,22:38:00
8/10/22 22:39,0.0277875,22:39:00
8/10/22 22:40,0.0237,22:40:00
8/10/22 22:41,0.0235275,22:41:00
8/10/22 22:42,0.02843,22:42:00
8/10/22 22:43,0.0311725,22:43:00
8/10/22 22:44,0.0346375,22:44:00
8/10/22 22:45,0.028744,22:45:00
8/10/22 22:46,0.024505,22:46:00
8/10/22 22:47,0.03972,22:47:00
8/10/22 22:48,0.089695,22:48:00
8/10/22 22:49,0.0703225,22:49:00
8/10/22 22:50,0.132375,22:50:00
8/10/22 22:51,0.0907525,22:51:00
8/10/22 22:52,0.0815225,22:52:00
8/10/22 22:53,0.117625,22:53:00
8/10/22 22:54,0.10834,22:54:00
8/10/22 22:55,0.129075,22:55:00
8/10/22 22:56,0.123875,22:56:00
8/10/22 22:57,0.12781,22:57:00
8/10/22 22:58,0.179125,22:58:00
8/10/22 22:59,0.142025,22:59:00
8/10/22 23:00,0.14,23:00:00
8/10/22 23:01,0.13575,23:01:00
8/10/22 23:02,0.1423,23:02:00
8/10/22 23:03,0.169825,23:03:00
8/10/22 23:04,0.12715,23:04:00
8/10/22 23:05,0.1519,23:05:00
8/10/22 23:06,0.14935,23:06:00
8/10/22 23:07,0.15995,23:07:00
8/10/22 23:08,0.157725,23:08:00
8/10/22 23:09,0.169325,23:09:00
8/10/22 23:10,0.158625,23:10:00
8/10/22 23:11,0.167975,23:11:00
8/10/22 23:12,0.1655,23:12:00
8/10/22 23:13,0.167425,23:13:00
8/10/22 23:14,0.169,23:14:00
8/10/22 23:15,0.166225,23:15:00
8/10/22 23:16,0.161,23:16:00
8/10/22 23:17,0.166425,23:17:00
8/10/22 23:18,0.1588,23:18:00
8/10/22 23:19,0.16765,23:19:00
8/10/22 23:20,0.16755,23:20:00
8/10/22 23:21,0.153025,23:21:00
8/10/22 23:22,0.14415,23:22:00
8/10/22 23:23,0.163025,23:23:00
8/10/22 23:24,0.1691,23:24:00
8/10/22 23:25,0.1665,23:25:00
8/10/22 23:26,0.166875,23:26:00
8/10/22 23:27,0.16295,23:27:00
8/10/22 23:28,0.149425,23:28:00
8/10/22 23:29,0.162825,23:29:00
8/10/22 23:30,0.16652,23:30:00
8/10/22 23:31,0.1691,23:31:00
8/10/22 23:32,0.157525,23:32:00
8/10/22 23:33,0.153525,23:33:00
8/10/22 23:34,0.1632,23:34:00
8/10/22 23:35,0.1506,23:35:00
8/10/22 23:36,0.16915,23:36:00
8/10/22 23:37,0.168025,23:37:00
8/10/22 23:38,0.17105,23:38:00
8/10/22 23:39,0.17105,23:39:00
8/10/22 23:40,0.140975,23:40:00
8/10/22 23:41,0.17005,23:41:00
8/10/22 23:42,0.1431,23:42:00
8/10/22 23:43,0.104925,23:43:00
8/10/22 23:44,0.12835,23:44:00
8/10/22 23:45,0.123775,23:45:00
8/10/22 23:46,0.0964875,23:46:00
8/10/22 23:47,0.097855,23:47:00
8/10/22 23:48,0.0815775,23:48:00
8/10/22 23:49,0.0709075,23:49:00
8/10/22 23:50,0.06358,23:50:00
8/10/22 23:51,0.0666025,23:51:00
8/10/22 23:52,0.062115,23:52:00
8/10/22 23:53,0.056985,23:53:00
8/10/22 23:54,0.0604275,23:54:00
8/10/22 23:55,0.055905,23:55:00
8/10/22 23:56,0.0553775,23:56:00
8/10/22 23:57,0.05215,23:57:00
8/10/22 23:58,0.05191,23:58:00
8/10/22 23:59,0.050005,23:59:00
8/8/22 0:00,0,0:00:00
8/8/22 0:01,0,0:01:00
8/8/22 0:02,0,0:02:00
8/8/22 0:03,0,0:03:00
8/8/22 0:04,0,0:04:00
8/8/22 0:05,0,0:05:00
8/8/22 0:06,0,0:06:00
8/8/22 0:07,0,0:07:00
8/8/22 0:08,0,0:08:00
8/8/22 0:09,0,0:09:00
8/8/22 0:10,0,0:10:00
8/8/22 0:11,0,0:11:00
8/8/22 0:12,0,0:12:00
8/8/22 0:13,0,0:13:00
8/8/22 0:14,0,0:14:00
8/8/22 0:15,0,0:15:00
8/8/22 0:16,0,0:16:00
8/8/22 0:17,0,0:17:00
8/8/22 0:18,0,0:18:00
8/8/22 0:19,0,0:19:00
8/8/22 0:20,0,0:20:00
8/8/22 0:21,0,0:21:00
8/8/22 0:22,0,0:22:00
8/8/22 0:23,0,0:23:00
8/8/22 0:24,0,0:24:00
8/8/22 0:25,0,0:25:00
8/8/22 0:26,0,0:26:00
8/8/22 0:27,0,0:27:00
8/8/22 0:28,0,0:28:00
8/8/22 0:29,0,0:29:00
8/8/22 0:30,0,0:30:00
8/8/22 0:31,0,0:31:00
8/8/22 0:32,0,0:32:00
8/8/22 0:33,0,0:33:00
8/8/22 0:34,0,0:34:00
8/8/22 0:35,0,0:35:00
8/8/22 0:36,0,0:36:00
8/8/22 0:37,0,0:37:00
8/8/22 0:38,0,0:38:00
8/8/22 0:39,0,0:39:00
8/8/22 0:40,0,0:40:00
8/8/22 0:41,0,0:41:00
8/8/22 0:42,0,0:42:00
8/8/22 0:43,0,0:43:00
8/8/22 0:44,0,0:44:00
8/8/22 0:45,0,0:45:00
8/8/22 0:46,0,0:46:00
8/8/22 0:47,0,0:47:00
8/8/22 0:48,0,0:48:00
8/8/22 0:49,0,0:49:00
8/8/22 0:50,0,0:50:00
8/8/22 0:51,0,0:51:00
8/8/22 0:52,0,0:52:00
8/8/22 0:53,0,0:53:00
8/8/22 0:54,0,0:54:00
8/8/22 0:55,0,0:55:00
8/8/22 0:56,0,0:56:00
8/8/22 0:57,0,0:57:00
8/8/22 0:58,0,0:58:00
8/8/22 0:59,0,0:59:00
8/8/22 1:00,0,1:00:00
8/8/22 1:01,0,1:01:00
8/8/22 1:02,0,1:02:00
8/8/22 1:03,0,1:03:00
8/8/22 1:04,0,1:04:00
8/8/22 1:05,0,1:05:00
8/8/22 1:06,0,1:06:00
8/8/22 1:07,0,1:07:00
8/8/22 1:08,0,1:08:00
8/8/22 1:09,0,1:09:00
8/8/22 1:10,0,1:10:00
8/8/22 1:11,0,1:11:00
8/8/22 1:12,0,1:12:00
8/8/22 1:13,0,1:13:00
8/8/22 1:14,0,1:14:00
8/8/22 1:15,0,1:15:00
8/8/22 1:16,0,1:16:00
8/8/22 1:17,0,1:17:00
8/8/22 1:18,0,1:18:00
8/8/22 1:19,0,1:19:00
8/8/22 1:20,0,1:20:00
8/8/22 1:21,0,1:21:00
8/8/22 1:22,0,1:22:00
8/8/22 1:23,0,1:23:00
8/8/22 1:24,0,1:24:00
8/8/22 1:25,0,1:25:00
8/8/22 1:26,0,1:26:00
8/8/22 1:27,0,1:27:00
8/8/22 1:28,0,1:28:00
8/8/22 1:29,0,1:29:00
8/8/22 1:30,0,1:30:00
8/8/22 1:31,0,1:31:00
8/8/22 1:32,0,1:32:00
8/8/22 1:33,0,1:33:00
8/8/22 1:34,0,1:34:00
8/8/22 1:35,0,1:35:00
8/8/22 1:36,0,1:36:00
8/8/22 1:37,0,1:37:00
8/8/22 1:38,0,1:38:00
8/8/22 1:39,0,1:39:00
8/8/22 1:40,0,1:40:00
8/8/22 1:41,0,1:41:00
8/8/22 1:42,0,1:42:00
8/8/22 1:43,0,1:43:00
8/8/22 1:44,0,1:44:00
8/8/22 1:45,0,1:45:00
8/8/22 1:46,0,1:46:00
8/8/22 1:47,0,1:47:00
8/8/22 1:48,0,1:48:00
8/8/22 1:49,0,1:49:00
8/8/22 1:50,0,1:50:00
8/8/22 1:51,0,1:51:00
8/8/22 1:52,0,1:52:00
8/8/22 1:53,0,1:53:00
8/8/22 1:54,0,1:54:00
8/8/22 1:55,0,1:55:00
8/8/22 1:56,0,1:56:00
8/8/22 1:57,0,1:57:00
8/8/22 1:58,0,1:58:00
8/8/22 1:59,0,1:59:00
8/8/22 2:00,0,2:00:00
8/8/22 2:01,0,2:01:00
8/8/22 2:02,0,2:02:00
8/8/22 2:03,0,2:03:00
8/8/22 2:04,0,2:04:00
8/8/22 2:05,0,2:05:00
8/8/22 2:06,0,2:06:00
8/8/22 2:07,0,2:07:00
8/8/22 2:08,0,2:08:00
8/8/22 2:09,0,2:09:00
8/8/22 2:10,0,2:10:00
8/8/22 2:11,0,2:11:00
8/8/22 2:12,0,2:12:00
8/8/22 2:13,0,2:13:00
8/8/22 2:14,0,2:14:00
8/8/22 2:15,0,2:15:00
8/8/22 2:16,0,2:16:00
8/8/22 2:17,0,2:17:00
8/8/22 2:18,0,2:18:00
8/8/22 2:19,0,2:19:00
8/8/22 2:20,0,2:20:00
8/8/22 2:21,0,2:21:00
8/8/22 2:22,0,2:22:00
8/8/22 2:23,0,2:23:00
8/8/22 2:24,0,2:24:00
8/8/22 2:25,0,2:25:00
8/8/22 2:26,0,2:26:00
8/8/22 2:27,0,2:27:00
8/8/22 2:28,0,2:28:00
8/8/22 2:29,0,2:29:00
8/8/22 2:30,0,2:30:00
8/8/22 2:31,0,2:31:00
8/8/22 2:32,0,2:32:00
8/8/22 2:33,0,2:33:00
8/8/22 2:34,0,2:34:00
8/8/22 2:35,0,2:35:00
8/8/22 2:36,0,2:36:00
8/8/22 2:37,0,2:37:00
8/8/22 2:38,0,2:38:00
8/8/22 2:39,0,2:39:00
8/8/22 2:40,0,2:40:00
8/8/22 2:41,0,2:41:00
8/8/22 2:42,0,2:42:00
8/8/22 2:43,0,2:43:00
8/8/22 2:44,0,2:44:00
8/8/22 2:45,0,2:45:00
8/8/22 2:46,0,2:46:00
8/8/22 2:47,0,2:47:00
8/8/22 2:48,0,2:48:00
8/8/22 2:49,0,2:49:00
8/8/22 2:50,0,2:50:00
8/8/22 2:51,0,2:51:00
8/8/22 2:52,0,2:52:00
8/8/22 2:53,0,2:53:00
8/8/22 2:54,0,2:54:00
8/8/22 2:55,0,2:55:00
8/8/22 2:56,0,2:56:00
8/8/22 2:57,0,2:57:00
8/8/22 2:58,0,2:58:00
8/8/22 2:59,0,2:59:00
8/8/22 3:00,0,3:00:00
8/8/22 3:01,0,3:01:00
8/8/22 3:02,0,3:02:00
8/8/22 3:03,0,3:03:00
8/8/22 3:04,0,3:04:00
8/8/22 3:05,0,3:05:00
8/8/22 3:06,0,3:06:00
8/8/22 3:07,0,3:07:00
8/8/22 3:08,0,3:08:00
8/8/22 3:09,0,3:09:00
8/8/22 3:10,0,3:10:00
8/8/22 3:11,0,3:11:00
8/8/22 3:12,0,3:12:00
8/8/22 3:13,0,3:13:00
8/8/22 3:14,0,3:14:00
8/8/22 3:15,0,3:15:00
8/8/22 3:16,0,3:16:00
8/8/22 3:17,0,3:17:00
8/8/22 3:18,0,3:18:00
8/8/22 3:19,0,3:19:00
8/8/22 3:20,0,3:20:00
8/8/22 3:21,0,3:21:00
8/8/22 3:22,0,3:22:00
8/8/22 3:23,0,3:23:00
8/8/22 3:24,0,3:24:00
8/8/22 3:25,0,3:25:00
8/8/22 3:26,0,3:26:00
8/8/22 3:27,0,3:27:00
8/8/22 3:28,0,3:28:00
8/8/22 3:29,0,3:29:00
8/8/22 3:30,0,3:30:00
8/8/22 3:31,0,3:31:00
8/8/22 3:32,0,3:32:00
8/8/22 3:33,0,3:33:00
8/8/22 3:34,0,3:34:00
8/8/22 3:35,0,3:35:00
8/8/22 3:36,0,3:36:00
8/8/22 3:37,0,3:37:00
8/8/22 3:38,0,3:38:00
8/8/22 3:39,0,3:39:00
8/8/22 3:40,0,3:40:00
8/8/22 3:41,0,3:41:00
8/8/22 3:42,0,3:42:00
8/8/22 3:43,0,3:43:00
8/8/22 3:44,0,3:44:00
8/8/22 3:45,0,3:45:00
8/8/22 3:46,0,3:46:00
8/8/22 3:47,0,3:47:00
8/8/22 3:48,0,3:48:00
8/8/22 3:49,0,3:49:00
8/8/22 3:50,0,3:50:00
8/8/22 3:51,0,3:51:00
8/8/22 3:52,0,3:52:00
8/8/22 3:53,0,3:53:00
8/8/22 3:54,0,3:54:00
8/8/22 3:55,0,3:55:00
8/8/22 3:56,0,3:56:00
8/8/22 3:57,0,3:57:00
8/8/22 3:58,0,3:58:00
8/8/22 3:59,0,3:59:00
8/8/22 4:00,0,4:00:00
8/8/22 4:01,0,4:01:00
8/8/22 4:02,0,4:02:00
8/8/22 4:03,0,4:03:00
8/8/22 4:04,0,4:04:00
8/8/22 4:05,0,4:05:00
8/8/22 4:06,0,4:06:00
8/8/22 4:07,0,4:07:00
8/8/22 4:08,0,4:08:00
8/8/22 4:09,0,4:09:00
8/8/22 4:10,0,4:10:00
8/8/22 4:11,0,4:11:00
8/8/22 4:12,0,4:12:00
8/8/22 4:13,0,4:13:00
8/8/22 4:14,0,4:14:00
8/8/22 4:15,0,4:15:00
8/8/22 4:16,0,4:16:00
8/8/22 4:17,0,4:17:00
8/8/22 4:18,0,4:18:00
8/8/22 4:19,0,4:19:00
8/8/22 4:20,0,4:20:00
8/8/22 4:21,0,4:21:00
8/8/22 4:22,0,4:22:00
8/8/22 4:23,0,4:23:00
8/8/22 4:24,0,4:24:00
8/8/22 4:25,0,4:25:00
8/8/22 4:26,0,4:26:00
8/8/22 4:27,0,4:27:00
8/8/22 4:28,0,4:28:00
8/8/22 4:29,0,4:29:00
8/8/22 4:30,0,4:30:00
8/8/22 4:31,0,4:31:00
8/8/22 4:32,0,4:32:00
8/8/22 4:33,0,4:33:00
8/8/22 4:34,0,4:34:00
8/8/22 4:35,0,4:35:00
8/8/22 4:36,0,4:36:00
8/8/22 4:37,0,4:37:00
8/8/22 4:38,0,4:38:00
8/8/22 4:39,0,4:39:00
8/8/22 4:40,0,4:40:00
8/8/22 4:41,0,4:41:00
8/8/22 4:42,0,4:42:00
8/8/22 4:43,0,4:43:00
8/8/22 4:44,0,4:44:00
8/8/22 4:45,0,4:45:00
8/8/22 4:46,0,4:46:00
8/8/22 4:47,0,4:47:00
8/8/22 4:48,0,4:48:00
8/8/22 4:49,0,4:49:00
8/8/22 4:50,0,4:50:00
8/8/22 4:51,0,4:51:00
8/8/22 4:52,0,4:52:00
8/8/22 4:53,0,4:53:00
8/8/22 4:54,0,4:54:00
8/8/22 4:55,0,4:55:00
8/8/22 4:56,0,4:56:00
8/8/22 4:57,0,4:57:00
8/8/22 4:58,0,4:58:00
8/8/22 4:59,0,4:59:00
8/8/22 5:00,0,5:00:00
8/8/22 5:01,0,5:01:00
8/8/22 5:02,0,5:02:00
8/8/22 5:03,0,5:03:00
8/8/22 5:04,0,5:04:00
8/8/22 5:05,0,5:05:00
8/8/22 5:06,0,5:06:00
8/8/22 5:07,0,5:07:00
8/8/22 5:08,0,5:08:00
8/8/22 5:09,0.0002821,5:09:00
8/8/22 5:10,0.0022335,5:10:00
8/8/22 5:11,0.00488975,5:11:00
8/8/22 5:12,0.008135,5:12:00
8/8/22 5:13,0.012175,5:13:00
8/8/22 5:14,0.017165,5:14:00
8/8/22 5:15,0.02317,5:15:00
8/8/22 5:16,0.030172,5:16:00
8/8/22 5:17,0.040595,5:17:00
8/8/22 5:18,0.0717075,5:18:00
8/8/22 5:19,0.11585,5:19:00
8/8/22 5:20,0.150425,5:20:00
8/8/22 5:21,0.194025,5:21:00
8/8/22 5:22,0.250025,5:22:00
8/8/22 5:23,0.332225,5:23:00
8/8/22 5:24,0.4341,5:24:00
8/8/22 5:25,0.574075,5:25:00
8/8/22 5:26,0.736975,5:26:00
8/8/22 5:27,0.95985,5:27:00
8/8/22 5:28,1.25575,5:28:00
8/8/22 5:29,1.66275,5:29:00
8/8/22 5:30,2.20675,5:30:00
8/8/22 5:31,2.89175,5:31:00
8/8/22 5:32,3.79675,5:32:00
8/8/22 5:33,5.06675,5:33:00
8/8/22 5:34,6.86825,5:34:00
8/8/22 5:35,9.518,5:35:00
8/8/22 5:36,13.0575,5:36:00
8/8/22 5:37,16.8975,5:37:00
8/8/22 5:38,20.74,5:38:00
8/8/22 5:39,24.9775,5:39:00
8/8/22 5:40,29.8725,5:40:00
8/8/22 5:41,35.665,5:41:00
8/8/22 5:42,42.865,5:42:00
8/8/22 5:43,50.67,5:43:00
8/8/22 5:44,57.695,5:44:00
8/8/22 5:45,68.5775,5:45:00
8/8/22 5:46,78.835,5:46:00
8/8/22 5:47,91,5:47:00
8/8/22 5:48,106.0975,5:48:00
8/8/22 5:49,121.375,5:49:00
8/8/22 5:50,139.25,5:50:00
8/8/22 5:51,159.45,5:51:00
8/8/22 5:52,179.125,5:52:00
8/8/22 5:53,202.7,5:53:00
8/8/22 5:54,225.8,5:54:00
8/8/22 5:55,240.375,5:55:00
8/8/22 5:56,257.675,5:56:00
8/8/22 5:57,271.45,5:57:00
8/8/22 5:58,296,5:58:00
8/8/22 5:59,315.55,5:59:00
8/8/22 6:00,344.54,6:00:00
8/8/22 6:01,381.525,6:01:00
8/8/22 6:02,417.775,6:02:00
8/8/22 6:03,456.75,6:03:00
8/8/22 6:04,500.95,6:04:00
8/8/22 6:05,551.725,6:05:00
8/8/22 6:06,600.125,6:06:00
8/8/22 6:07,649.15,6:07:00
8/8/22 6:08,702.65,6:08:00
8/8/22 6:09,765.425,6:09:00
8/8/22 6:10,839.5,6:10:00
8/8/22 6:11,944.2,6:11:00
8/8/22 6:12,1072.25,6:12:00
8/8/22 6:13,1214,6:13:00
8/8/22 6:14,1283.75,6:14:00
8/8/22 6:15,1278.25,6:15:00
8/8/22 6:16,1240.75,6:16:00
8/8/22 6:17,1157.25,6:17:00
8/8/22 6:18,1083,6:18:00
8/8/22 6:19,1072,6:19:00
8/8/22 6:20,1118,6:20:00
8/8/22 6:21,1222.25,6:21:00
8/8/22 6:22,1383,6:22:00
8/8/22 6:23,1546.75,6:23:00
8/8/22 6:24,1668,6:24:00
8/8/22 6:25,1739.75,6:25:00
8/8/22 6:26,1781.25,6:26:00
8/8/22 6:27,1786.5,6:27:00
8/8/22 6:28,1767,6:28:00
8/8/22 6:29,1687.5,6:29:00
8/8/22 6:30,1600.25,6:30:00
8/8/22 6:31,1515.75,6:31:00
8/8/22 6:32,1508.75,6:32:00
8/8/22 6:33,1511.75,6:33:00
8/8/22 6:34,1593.75,6:34:00
8/8/22 6:35,1767.25,6:35:00
8/8/22 6:36,1928.5,6:36:00
8/8/22 6:37,1985,6:37:00
8/8/22 6:38,2020.25,6:38:00
8/8/22 6:39,2001.75,6:39:00
8/8/22 6:40,1962.75,6:40:00
8/8/22 6:41,1907.25,6:41:00
8/8/22 6:42,1848.25,6:42:00
8/8/22 6:43,1827.75,6:43:00
8/8/22 6:44,1895.4,6:44:00
8/8/22 6:45,2154.25,6:45:00
8/8/22 6:46,2504.5,6:46:00
8/8/22 6:47,2840.25,6:47:00
8/8/22 6:48,3223.25,6:48:00
8/8/22 6:49,3615.25,6:49:00
8/8/22 6:50,3958.75,6:50:00
8/8/22 6:51,4245.25,6:51:00
8/8/22 6:52,4495.25,6:52:00
8/8/22 6:53,4707,6:53:00
8/8/22 6:54,4825,6:54:00
8/8/22 6:55,4697.75,6:55:00
8/8/22 6:56,4389.75,6:56:00
8/8/22 6:57,3937.5,6:57:00
8/8/22 6:58,3363,6:58:00
8/8/22 6:59,2887,6:59:00
8/8/22 7:00,2540,7:00:00
8/9/22 0:00,0.000265925,0:00:00
8/9/22 0:01,3.66E-05,0:01:00
8/9/22 0:02,0,0:02:00
8/9/22 0:03,0,0:03:00
8/9/22 0:04,0,0:04:00
8/9/22 0:05,0,0:05:00
8/9/22 0:06,0,0:06:00
8/9/22 0:07,0,0:07:00
8/9/22 0:08,0,0:08:00
8/9/22 0:09,0,0:09:00
8/9/22 0:10,1.48E-05,0:10:00
8/9/22 0:11,0.000194225,0:11:00
8/9/22 0:12,0.00033965,0:12:00
8/9/22 0:13,0.0003363,0:13:00
8/9/22 0:14,0.000130695,0:14:00
8/9/22 0:15,0,0:15:00
8/9/22 0:16,0,0:16:00
8/9/22 0:17,0,0:17:00
8/9/22 0:18,0,0:18:00
8/9/22 0:19,0,0:19:00
8/9/22 0:20,0,0:20:00
8/9/22 0:21,0,0:21:00
8/9/22 0:22,0,0:22:00
8/9/22 0:23,0,0:23:00
8/9/22 0:24,0,0:24:00
8/9/22 0:25,0,0:25:00
8/9/22 0:26,0,0:26:00
8/9/22 0:27,0,0:27:00
8/9/22 0:28,0,0:28:00
8/9/22 0:29,0,0:29:00
8/9/22 0:30,0,0:30:00
8/9/22 0:31,0,0:31:00
8/9/22 0:32,0,0:32:00
8/9/22 0:33,0,0:33:00
8/9/22 0:34,0,0:34:00
8/9/22 0:35,0,0:35:00
8/9/22 0:36,0,0:36:00
8/9/22 0:37,0,0:37:00
8/9/22 0:38,0,0:38:00
8/9/22 0:39,0,0:39:00
8/9/22 0:40,0,0:40:00
8/9/22 0:41,0,0:41:00
8/9/22 0:42,0,0:42:00
8/9/22 0:43,0,0:43:00
8/9/22 0:44,0,0:44:00
8/9/22 0:45,0,0:45:00
8/9/22 0:46,0,0:46:00
8/9/22 0:47,0,0:47:00
8/9/22 0:48,0,0:48:00
8/9/22 0:49,0,0:49:00
8/9/22 0:50,0,0:50:00
8/9/22 0:51,0,0:51:00
8/9/22 0:52,0,0:52:00
8/9/22 0:53,0,0:53:00
8/9/22 0:54,0,0:54:00
8/9/22 0:55,0,0:55:00
8/9/22 0:56,0,0:56:00
8/9/22 0:57,0,0:57:00
8/9/22 0:58,0,0:58:00
8/9/22 0:59,0,0:59:00
8/9/22 1:00,0,1:00:00
8/9/22 1:01,0,1:01:00
8/9/22 1:02,0,1:02:00
8/9/22 1:03,0,1:03:00
8/9/22 1:04,0,1:04:00
8/9/22 1:05,0,1:05:00
8/9/22 1:06,0,1:06:00
8/9/22 1:07,0,1:07:00
8/9/22 1:08,0,1:08:00
8/9/22 1:09,0,1:09:00
8/9/22 1:10,0,1:10:00
8/9/22 1:11,0,1:11:00
8/9/22 1:12,0,1:12:00
8/9/22 1:13,0,1:13:00
8/9/22 1:14,0,1:14:00
8/9/22 1:15,0,1:15:00
8/9/22 1:16,0,1:16:00
8/9/22 1:17,0,1:17:00
8/9/22 1:18,0,1:18:00
8/9/22 1:19,0,1:19:00
8/9/22 1:20,0,1:20:00
8/9/22 1:21,0,1:21:00
8/9/22 1:22,0,1:22:00
8/9/22 1:23,0,1:23:00
8/9/22 1:24,0,1:24:00
8/9/22 1:25,0,1:25:00
8/9/22 1:26,0,1:26:00
8/9/22 1:27,0,1:27:00
8/9/22 1:28,0,1:28:00
8/9/22 1:29,0,1:29:00
8/9/22 1:30,0,1:30:00
8/9/22 1:31,0,1:31:00
8/9/22 1:32,0,1:32:00
8/9/22 1:33,0,1:33:00
8/9/22 1:34,0,1:34:00
8/9/22 1:35,0,1:35:00
8/9/22 1:36,0,1:36:00
8/9/22 1:37,0,1:37:00
8/9/22 1:38,0,1:38:00
8/9/22 1:39,0,1:39:00
8/9/22 1:40,0,1:40:00
8/9/22 1:41,0,1:41:00
8/9/22 1:42,0,1:42:00
8/9/22 1:43,0,1:43:00
8/9/22 1:44,0,1:44:00
8/9/22 1:45,0,1:45:00
8/9/22 1:46,0,1:46:00
8/9/22 1:47,0,1:47:00
8/9/22 1:48,0,1:48:00
8/9/22 1:49,0,1:49:00
8/9/22 1:50,0,1:50:00
8/9/22 1:51,0,1:51:00
8/9/22 1:52,0,1:52:00
8/9/22 1:53,0,1:53:00
8/9/22 1:54,0,1:54:00
8/9/22 1:55,0,1:55:00
8/9/22 1:56,0,1:56:00
8/9/22 1:57,0,1:57:00
8/9/22 1:58,0,1:58:00
8/9/22 1:59,0,1:59:00
8/9/22 2:00,0,2:00:00
8/9/22 2:01,0,2:01:00
8/9/22 2:02,0,2:02:00
8/9/22 2:03,0,2:03:00
8/9/22 2:04,0,2:04:00
8/9/22 2:05,0,2:05:00
8/9/22 2:06,0,2:06:00
8/9/22 2:07,0,2:07:00
8/9/22 2:08,0,2:08:00
8/9/22 2:09,0,2:09:00
8/9/22 2:10,0,2:10:00
8/9/22 2:11,0,2:11:00
8/9/22 2:12,0,2:12:00
8/9/22 2:13,0,2:13:00
8/9/22 2:14,0,2:14:00
8/9/22 2:15,0,2:15:00
8/9/22 2:16,0,2:16:00
8/9/22 2:17,0,2:17:00
8/9/22 2:18,0,2:18:00
8/9/22 2:19,0,2:19:00
8/9/22 2:20,0,2:20:00
8/9/22 2:21,0,2:21:00
8/9/22 2:22,0,2:22:00
8/9/22 2:23,0,2:23:00
8/9/22 2:24,0,2:24:00
8/9/22 2:25,0,2:25:00
8/9/22 2:26,0,2:26:00
8/9/22 2:27,0,2:27:00
8/9/22 2:28,0,2:28:00
8/9/22 2:29,0,2:29:00
8/9/22 2:30,0,2:30:00
8/9/22 2:31,0,2:31:00
8/9/22 2:32,0,2:32:00
8/9/22 2:33,0,2:33:00
8/9/22 2:34,0,2:34:00
8/9/22 2:35,0,2:35:00
8/9/22 2:36,0,2:36:00
8/9/22 2:37,0,2:37:00
8/9/22 2:38,0,2:38:00
8/9/22 2:39,0,2:39:00
8/9/22 2:40,0,2:40:00
8/9/22 2:41,0,2:41:00
8/9/22 2:42,0,2:42:00
8/9/22 2:43,0,2:43:00
8/9/22 2:44,0,2:44:00
8/9/22 2:45,0,2:45:00
8/9/22 2:46,0,2:46:00
8/9/22 2:47,0,2:47:00
8/9/22 2:48,0,2:48:00
8/9/22 2:49,0,2:49:00
8/9/22 2:50,0,2:50:00
8/9/22 2:51,0,2:51:00
8/9/22 2:52,0,2:52:00
8/9/22 2:53,0,2:53:00
8/9/22 2:54,0,2:54:00
8/9/22 2:55,0,2:55:00
8/9/22 2:56,0,2:56:00
8/9/22 2:57,0,2:57:00
8/9/22 2:58,0,2:58:00
8/9/22 2:59,0,2:59:00
8/9/22 3:00,0,3:00:00
8/9/22 3:01,0,3:01:00
8/9/22 3:02,0,3:02:00
8/9/22 3:03,0,3:03:00
8/9/22 3:04,0,3:04:00
8/9/22 3:05,0,3:05:00
8/9/22 3:06,0,3:06:00
8/9/22 3:07,0,3:07:00
8/9/22 3:08,0,3:08:00
8/9/22 3:09,0,3:09:00
8/9/22 3:10,0,3:10:00
8/9/22 3:11,0,3:11:00
8/9/22 3:12,0,3:12:00
8/9/22 3:13,0,3:13:00
8/9/22 3:14,0,3:14:00
8/9/22 3:15,0,3:15:00
8/9/22 3:16,0,3:16:00
8/9/22 3:17,0,3:17:00
8/9/22 3:18,0,3:18:00
8/9/22 3:19,0,3:19:00
8/9/22 3:20,0,3:20:00
8/9/22 3:21,0,3:21:00
8/9/22 3:22,0,3:22:00
8/9/22 3:23,0,3:23:00
8/9/22 3:24,0,3:24:00
8/9/22 3:25,0,3:25:00
8/9/22 3:26,0,3:26:00
8/9/22 3:27,0,3:27:00
8/9/22 3:28,0,3:28:00
8/9/22 3:29,0,3:29:00
8/9/22 3:30,0,3:30:00
8/9/22 3:31,0,3:31:00
8/9/22 3:32,0,3:32:00
8/9/22 3:33,0,3:33:00
8/9/22 3:34,0,3:34:00
8/9/22 3:35,0,3:35:00
8/9/22 3:36,0,3:36:00
8/9/22 3:37,0,3:37:00
8/9/22 3:38,0,3:38:00
8/9/22 3:39,0,3:39:00
8/9/22 3:40,0,3:40:00
8/9/22 3:41,0,3:41:00
8/9/22 3:42,0,3:42:00
8/9/22 3:43,0,3:43:00
8/9/22 3:44,0,3:44:00
8/9/22 3:45,0,3:45:00
8/9/22 3:46,0,3:46:00
8/9/22 3:47,0,3:47:00
8/9/22 3:48,0,3:48:00
8/9/22 3:49,0,3:49:00
8/9/22 3:50,0,3:50:00
8/9/22 3:51,0,3:51:00
8/9/22 3:52,0,3:52:00
8/9/22 3:53,0,3:53:00
8/9/22 3:54,0,3:54:00
8/9/22 3:55,0,3:55:00
8/9/22 3:56,0,3:56:00
8/9/22 3:57,0,3:57:00
8/9/22 3:58,0,3:58:00
8/9/22 3:59,0,3:59:00
8/9/22 4:00,0,4:00:00
8/9/22 4:01,0,4:01:00
8/9/22 4:02,0,4:02:00
8/9/22 4:03,0,4:03:00
8/9/22 4:04,0,4:04:00
8/9/22 4:05,0,4:05:00
8/9/22 4:06,0,4:06:00
8/9/22 4:07,0,4:07:00
8/9/22 4:08,0,4:08:00
8/9/22 4:09,0,4:09:00
8/9/22 4:10,0,4:10:00
8/9/22 4:11,0,4:11:00
8/9/22 4:12,0,4:12:00
8/9/22 4:13,0,4:13:00
8/9/22 4:14,0,4:14:00
8/9/22 4:15,0,4:15:00
8/9/22 4:16,0,4:16:00
8/9/22 4:17,0,4:17:00
8/9/22 4:18,0,4:18:00
8/9/22 4:19,0,4:19:00
8/9/22 4:20,0,4:20:00
8/9/22 4:21,0,4:21:00
8/9/22 4:22,0,4:22:00
8/9/22 4:23,0,4:23:00
8/9/22 4:24,0,4:24:00
8/9/22 4:25,0,4:25:00
8/9/22 4:26,0,4:26:00
8/9/22 4:27,0,4:27:00
8/9/22 4:28,0,4:28:00
8/9/22 4:29,0,4:29:00
8/9/22 4:30,0,4:30:00
8/9/22 4:31,0,4:31:00
8/9/22 4:32,0,4:32:00
8/9/22 4:33,0,4:33:00
8/9/22 4:34,0,4:34:00
8/9/22 4:35,0,4:35:00
8/9/22 4:36,0,4:36:00
8/9/22 4:37,0,4:37:00
8/9/22 4:38,0,4:38:00
8/9/22 4:39,0,4:39:00
8/9/22 4:40,0,4:40:00
8/9/22 4:41,0,4:41:00
8/9/22 4:42,0,4:42:00
8/9/22 4:43,0,4:43:00
8/9/22 4:44,0,4:44:00
8/9/22 4:45,0,4:45:00
8/9/22 4:46,0,4:46:00
8/9/22 4:47,0,4:47:00
8/9/22 4:48,0,4:48:00
8/9/22 4:49,0,4:49:00
8/9/22 4:50,0,4:50:00
8/9/22 4:51,0,4:51:00
8/9/22 4:52,0,4:52:00
8/9/22 4:53,0,4:53:00
8/9/22 4:54,0,4:54:00
8/9/22 4:55,0,4:55:00
8/9/22 4:56,0,4:56:00
8/9/22 4:57,0,4:57:00
8/9/22 4:58,0,4:58:00
8/9/22 4:59,0,4:59:00
8/9/22 5:00,0,5:00:00
8/9/22 5:01,0,5:01:00
8/9/22 5:02,0,5:02:00
8/9/22 5:03,0,5:03:00
8/9/22 5:04,0,5:04:00
8/9/22 5:05,0,5:05:00
8/9/22 5:06,0,5:06:00
8/9/22 5:07,0,5:07:00
8/9/22 5:08,0,5:08:00
8/9/22 5:09,0.00113455,5:09:00
8/9/22 5:10,0.00340975,5:10:00
8/9/22 5:11,0.006169,5:11:00
8/9/22 5:12,0.00964275,5:12:00
8/9/22 5:13,0.0140725,5:13:00
8/9/22 5:14,0.019025,5:14:00
8/9/22 5:15,0.024885,5:15:00
8/9/22 5:16,0.031855,5:16:00
8/9/22 5:17,0.0401675,5:17:00
8/9/22 5:18,0.0824825,5:18:00
8/9/22 5:19,0.14005,5:19:00
8/9/22 5:20,0.1827,5:20:00
8/9/22 5:21,0.238,5:21:00
8/9/22 5:22,0.3184,5:22:00
8/9/22 5:23,0.426525,5:23:00
8/9/22 5:24,0.553325,5:24:00
8/9/22 5:25,0.7277,5:25:00
8/9/22 5:26,0.9714,5:26:00
8/9/22 5:27,1.23325,5:27:00
8/9/22 5:28,1.60775,5:28:00
8/9/22 5:29,2.208,5:29:00
8/9/22 5:30,2.94725,5:30:00
8/9/22 5:31,3.8515,5:31:00
8/9/22 5:32,5.13575,5:32:00
8/9/22 5:33,7.25425,5:33:00
8/9/22 5:34,10.716,5:34:00
8/9/22 5:35,14.5625,5:35:00
8/9/22 5:36,19.42,5:36:00
8/9/22 5:37,25.0675,5:37:00
8/9/22 5:38,34.29,5:38:00
8/9/22 5:39,43.1025,5:39:00
8/9/22 5:40,53.1725,5:40:00
8/9/22 5:41,62.5575,5:41:00
8/9/22 5:42,76.7,5:42:00
8/9/22 5:43,92.8125,5:43:00
8/9/22 5:44,103.1125,5:44:00
8/9/22 5:45,123.95,5:45:00
8/9/22 5:46,147.275,5:46:00
8/9/22 5:47,162.025,5:47:00
8/9/22 5:48,181.85,5:48:00
8/9/22 5:49,208.375,5:49:00
8/9/22 5:50,234.575,5:50:00
8/9/22 5:51,267.35,5:51:00
8/9/22 5:52,288.1,5:52:00
8/9/22 5:53,325.7,5:53:00
8/9/22 5:54,359.425,5:54:00
8/9/22 5:55,364.525,5:55:00
8/9/22 5:56,411.2,5:56:00
8/9/22 5:57,451.575,5:57:00
8/9/22 5:58,467.975,5:58:00
8/9/22 5:59,489.55,5:59:00
8/9/22 6:00,520.45,6:00:00
8/9/22 6:01,539.875,6:01:00
8/9/22 6:02,583.95,6:02:00
8/9/22 6:03,606.35,6:03:00
8/9/22 6:04,682.45,6:04:00
8/9/22 6:05,735.5,6:05:00
8/9/22 6:06,738.725,6:06:00
8/9/22 6:07,819.9,6:07:00
8/9/22 6:08,875.125,6:08:00
8/9/22 6:09,935.625,6:09:00
8/9/22 6:10,1099.5,6:10:00
8/9/22 6:11,1321,6:11:00
8/9/22 6:12,1305.25,6:12:00
8/9/22 6:13,1226.5,6:13:00
8/9/22 6:14,1119.75,6:14:00
8/9/22 6:15,1108,6:15:00
8/9/22 6:16,1244.5,6:16:00
8/9/22 6:17,1385.25,6:17:00
8/9/22 6:18,1445.5,6:18:00
8/9/22 6:19,1667.5,6:19:00
8/9/22 6:20,1622.25,6:20:00
8/9/22 6:21,1442,6:21:00
8/9/22 6:22,1579.5,6:22:00
8/9/22 6:23,1816.5,6:23:00
8/9/22 6:24,2096.25,6:24:00
8/9/22 6:25,1841.25,6:25:00
8/9/22 6:26,1780.25,6:26:00
8/9/22 6:27,1828.5,6:27:00
8/9/22 6:28,1954.25,6:28:00
8/9/22 6:29,2053.5,6:29:00
8/9/22 6:30,2114.5,6:30:00
8/9/22 6:31,2057.75,6:31:00
8/9/22 6:32,2061,6:32:00
8/9/22 6:33,1958,6:33:00
8/9/22 6:34,1850.75,6:34:00
8/9/22 6:35,1955.75,6:35:00
8/9/22 6:36,2001.75,6:36:00
8/9/22 6:37,2020.5,6:37:00
8/9/22 6:38,1976.75,6:38:00
8/9/22 6:39,2237.5,6:39:00
8/9/22 6:40,2352.5,6:40:00
8/9/22 6:41,2205.5,6:41:00
8/9/22 6:42,2112,6:42:00
8/9/22 6:43,1941.5,6:43:00
8/9/22 6:44,1711.75,6:44:00
8/9/22 6:45,1711.25,6:45:00
8/9/22 6:46,2067.5,6:46:00
8/9/22 6:47,2616.25,6:47:00
8/9/22 6:48,2927.5,6:48:00
8/9/22 6:49,3076.5,6:49:00
8/9/22 6:50,2990,6:50:00
8/9/22 6:51,2498.75,6:51:00
8/9/22 6:52,2295,6:52:00
8/9/22 6:53,2533.5,6:53:00
8/9/22 6:54,2840,6:54:00
8/9/22 6:55,2967.5,6:55:00
8/9/22 6:56,3138.75,6:56:00
8/9/22 6:57,3336.5,6:57:00
8/9/22 6:58,3963.25,6:58:00
8/9/22 6:59,3984.25,6:59:00
8/9/22 7:00,3814,7:00:00
8/10/22 0:00,0.09442,0:00:00
8/10/22 0:01,0.0935825,0:01:00
8/10/22 0:02,0.0926575,0:02:00
8/10/22 0:03,0.0887775,0:03:00
8/10/22 0:04,0.09169,0:04:00
8/10/22 0:05,0.0925225,0:05:00
8/10/22 0:06,0.0922475,0:06:00
8/10/22 0:07,0.0919225,0:07:00
8/10/22 0:08,0.0911475,0:08:00
8/10/22 0:09,0.090646,0:09:00
8/10/22 0:10,0.0900275,0:10:00
8/10/22 0:11,0.0891175,0:11:00
8/10/22 0:12,0.0881825,0:12:00
8/10/22 0:13,0.087145,0:13:00
8/10/22 0:14,0.0862225,0:14:00
8/10/22 0:15,0.0820975,0:15:00
8/10/22 0:16,0.0446825,0:16:00
8/10/22 0:17,0.0066455,0:17:00
8/10/22 0:18,0.00921525,0:18:00
8/10/22 0:19,0.0110475,0:19:00
8/10/22 0:20,0.0096805,0:20:00
8/10/22 0:21,0.0164375,0:21:00
8/10/22 0:22,0.015945,0:22:00
8/10/22 0:23,0.0074515,0:23:00
8/10/22 0:24,0.00727275,0:24:00
8/10/22 0:25,0.0261975,0:25:00
8/10/22 0:26,0.0419,0:26:00
8/10/22 0:27,0.04465,0:27:00
8/10/22 0:28,0.043945,0:28:00
8/10/22 0:29,0.0434325,0:29:00
8/10/22 0:30,0.0168525,0:30:00
8/10/22 0:31,0.0152675,0:31:00
8/10/22 0:32,0.0337075,0:32:00
8/10/22 0:33,0.04218,0:33:00
8/10/22 0:34,0.041515,0:34:00
8/10/22 0:35,0.039315,0:35:00
8/10/22 0:36,0.0370525,0:36:00
8/10/22 0:37,0.0404675,0:37:00
8/10/22 0:38,0.040775,0:38:00
8/10/22 0:39,0.0410675,0:39:00
8/10/22 0:40,0.0410125,0:40:00
8/10/22 0:41,0.0405375,0:41:00
8/10/22 0:42,0.0392375,0:42:00
8/10/22 0:43,0.0391225,0:43:00
8/10/22 0:44,0.0396575,0:44:00
8/10/22 0:45,0.0392625,0:45:00
8/10/22 0:46,0.038945,0:46:00
8/10/22 0:47,0.038835,0:47:00
8/10/22 0:48,0.03838,0:48:00
8/10/22 0:49,0.03794,0:49:00
8/10/22 0:50,0.037125,0:50:00
8/10/22 0:51,0.037125,0:51:00
8/10/22 0:52,0.03662,0:52:00
8/10/22 0:53,0.0367575,0:53:00
8/10/22 0:54,0.03469,0:54:00
8/10/22 0:55,0.0349225,0:55:00
8/10/22 0:56,0.03552,0:56:00
8/10/22 0:57,0.0293575,0:57:00
8/10/22 0:58,0.0234075,0:58:00
8/10/22 0:59,0.02283,0:59:00
8/10/22 1:00,0.0205475,1:00:00
8/10/22 1:01,0.00883875,1:01:00
8/10/22 1:02,0.00397375,1:02:00
8/10/22 1:03,0.0049905,1:03:00
8/10/22 1:04,0.00916225,1:04:00
8/10/22 1:05,0.007768,1:05:00
8/10/22 1:06,0.00224225,1:06:00
8/10/22 1:07,0.00151175,1:07:00
8/10/22 1:08,0.0047325,1:08:00
8/10/22 1:09,0.00901275,1:09:00
8/10/22 1:10,0.01088,1:10:00
8/10/22 1:11,0.0117175,1:11:00
8/10/22 1:12,0.01805,1:12:00
8/10/22 1:13,0.0265225,1:13:00
8/10/22 1:14,0.0291975,1:14:00
8/10/22 1:15,0.0271675,1:15:00
8/10/22 1:16,0.02067,1:16:00
8/10/22 1:17,0.019075,1:17:00
8/10/22 1:18,0.01415,1:18:00
8/10/22 1:19,0.015865,1:19:00
8/10/22 1:20,0.01184925,1:20:00
8/10/22 1:21,0.005507,1:21:00
8/10/22 1:22,0.001429075,1:22:00
8/10/22 1:23,9.39E-05,1:23:00
8/10/22 1:24,0,1:24:00
8/10/22 1:25,0,1:25:00
8/10/22 1:26,0,1:26:00
8/10/22 1:27,0,1:27:00
8/10/22 1:28,1.84E-06,1:28:00
8/10/22 1:29,5.73E-05,1:29:00
8/10/22 1:30,4.00E-06,1:30:00
8/10/22 1:31,0.000472275,1:31:00
8/10/22 1:32,0.001127825,1:32:00
8/10/22 1:33,0.00119075,1:33:00
8/10/22 1:34,0.001003875,1:34:00
8/10/22 1:35,0.002153475,1:35:00
8/10/22 1:36,0.0046645,1:36:00
8/10/22 1:37,0.00321525,1:37:00
8/10/22 1:38,0.006118,1:38:00
8/10/22 1:39,0.00749825,1:39:00
8/10/22 1:40,0.0065698,1:40:00
8/10/22 1:41,0.004315,1:41:00
8/10/22 1:42,0.00330825,1:42:00
8/10/22 1:43,0.00312325,1:43:00
8/10/22 1:44,0.003671,1:44:00
8/10/22 1:45,0.0058125,1:45:00
8/10/22 1:46,0.01164275,1:46:00
8/10/22 1:47,0.01014625,1:47:00
8/10/22 1:48,0.01255025,1:48:00
8/10/22 1:49,0.0139285,1:49:00
8/10/22 1:50,0.00698225,1:50:00
8/10/22 1:51,0.008212,1:51:00
8/10/22 1:52,0.00753175,1:52:00
8/10/22 1:53,0.000877725,1:53:00
8/10/22 1:54,0,1:54:00
8/10/22 1:55,0,1:55:00
8/10/22 1:56,0,1:56:00
8/10/22 1:57,0,1:57:00
8/10/22 1:58,0,1:58:00
8/10/22 1:59,0,1:59:00
8/10/22 2:00,0,2:00:00
8/10/22 2:01,0,2:01:00
8/10/22 2:02,0,2:02:00
8/10/22 2:03,0,2:03:00
8/10/22 2:04,0,2:04:00
8/10/22 2:05,0,2:05:00
8/10/22 2:06,0,2:06:00
8/10/22 2:07,0,2:07:00
8/10/22 2:08,0,2:08:00
8/10/22 2:09,0,2:09:00
8/10/22 2:10,0,2:10:00
8/10/22 2:11,0,2:11:00
8/10/22 2:12,0,2:12:00
8/10/22 2:13,0,2:13:00
8/10/22 2:14,0,2:14:00
8/10/22 2:15,0,2:15:00
8/10/22 2:16,0,2:16:00
8/10/22 2:17,0,2:17:00
8/10/22 2:18,0,2:18:00
8/10/22 2:19,0,2:19:00
8/10/22 2:20,0,2:20:00
8/10/22 2:21,0,2:21:00
8/10/22 2:22,0,2:22:00
8/10/22 2:23,0,2:23:00
8/10/22 2:24,0,2:24:00
8/10/22 2:25,0,2:25:00
8/10/22 2:26,0,2:26:00
8/10/22 2:27,0,2:27:00
8/10/22 2:28,0,2:28:00
8/10/22 2:29,0,2:29:00
8/10/22 2:30,0,2:30:00
8/10/22 2:31,0,2:31:00
8/10/22 2:32,0,2:32:00
8/10/22 2:33,0,2:33:00
8/10/22 2:34,0,2:34:00
8/10/22 2:35,0,2:35:00
8/10/22 2:36,0,2:36:00
8/10/22 2:37,0,2:37:00
8/10/22 2:38,0,2:38:00
8/10/22 2:39,0,2:39:00
8/10/22 2:40,0,2:40:00
8/10/22 2:41,0,2:41:00
8/10/22 2:42,0,2:42:00
8/10/22 2:43,0,2:43:00
8/10/22 2:44,0,2:44:00
8/10/22 2:45,0,2:45:00
8/10/22 2:46,0,2:46:00
8/10/22 2:47,0,2:47:00
8/10/22 2:48,0,2:48:00
8/10/22 2:49,0,2:49:00
8/10/22 2:50,0,2:50:00
8/10/22 2:51,0,2:51:00
8/10/22 2:52,0,2:52:00
8/10/22 2:53,0,2:53:00
8/10/22 2:54,0,2:54:00
8/10/22 2:55,0,2:55:00
8/10/22 2:56,0,2:56:00
8/10/22 2:57,0,2:57:00
8/10/22 2:58,0,2:58:00
8/10/22 2:59,0,2:59:00
8/10/22 3:00,0,3:00:00
8/10/22 3:01,0,3:01:00
8/10/22 3:02,0,3:02:00
8/10/22 3:03,0,3:03:00
8/10/22 3:04,0,3:04:00
8/10/22 3:05,0,3:05:00
8/10/22 3:06,0,3:06:00
8/10/22 3:07,0,3:07:00
8/10/22 3:08,0,3:08:00
8/10/22 3:09,0,3:09:00
8/10/22 3:10,0,3:10:00
8/10/22 3:11,0,3:11:00
8/10/22 3:12,0,3:12:00
8/10/22 3:13,0,3:13:00
8/10/22 3:14,0,3:14:00
8/10/22 3:15,0,3:15:00
8/10/22 3:16,0,3:16:00
8/10/22 3:17,0,3:17:00
8/10/22 3:18,0,3:18:00
8/10/22 3:19,0,3:19:00
8/10/22 3:20,0,3:20:00
8/10/22 3:21,0,3:21:00
8/10/22 3:22,0,3:22:00
8/10/22 3:23,0,3:23:00
8/10/22 3:24,0,3:24:00
8/10/22 3:25,0,3:25:00
8/10/22 3:26,0,3:26:00
8/10/22 3:27,0,3:27:00
8/10/22 3:28,0,3:28:00
8/10/22 3:29,0,3:29:00
8/10/22 3:30,0,3:30:00
8/10/22 3:31,0,3:31:00
8/10/22 3:32,0,3:32:00
8/10/22 3:33,0,3:33:00
8/10/22 3:34,0,3:34:00
8/10/22 3:35,0,3:35:00
8/10/22 3:36,0,3:36:00
8/10/22 3:37,0,3:37:00
8/10/22 3:38,0,3:38:00
8/10/22 3:39,0,3:39:00
8/10/22 3:40,0,3:40:00
8/10/22 3:41,0,3:41:00
8/10/22 3:42,0,3:42:00
8/10/22 3:43,0,3:43:00
8/10/22 3:44,0,3:44:00
8/10/22 3:45,0,3:45:00
8/10/22 3:46,0,3:46:00
8/10/22 3:47,0,3:47:00
8/10/22 3:48,0,3:48:00
8/10/22 3:49,0,3:49:00
8/10/22 3:50,0,3:50:00
8/10/22 3:51,0,3:51:00
8/10/22 3:52,0,3:52:00
8/10/22 3:53,0,3:53:00
8/10/22 3:54,0,3:54:00
8/10/22 3:55,0,3:55:00
8/10/22 3:56,0,3:56:00
8/10/22 3:57,0,3:57:00
8/10/22 3:58,0,3:58:00
8/10/22 3:59,0,3:59:00
8/10/22 4:00,0,4:00:00
8/10/22 4:01,0,4:01:00
8/10/22 4:02,0,4:02:00
8/10/22 4:03,0,4:03:00
8/10/22 4:04,0,4:04:00
8/10/22 4:05,0,4:05:00
8/10/22 4:06,0,4:06:00
8/10/22 4:07,0,4:07:00
8/10/22 4:08,0,4:08:00
8/10/22 4:09,0,4:09:00
8/10/22 4:10,0,4:10:00
8/10/22 4:11,0,4:11:00
8/10/22 4:12,0,4:12:00
8/10/22 4:13,0,4:13:00
8/10/22 4:14,0,4:14:00
8/10/22 4:15,0,4:15:00
8/10/22 4:16,0,4:16:00
8/10/22 4:17,0,4:17:00
8/10/22 4:18,0,4:18:00
8/10/22 4:19,0,4:19:00
8/10/22 4:20,0,4:20:00
8/10/22 4:21,0,4:21:00
8/10/22 4:22,0,4:22:00
8/10/22 4:23,0,4:23:00
8/10/22 4:24,0,4:24:00
8/10/22 4:25,0,4:25:00
8/10/22 4:26,0,4:26:00
8/10/22 4:27,0,4:27:00
8/10/22 4:28,0,4:28:00
8/10/22 4:29,0,4:29:00
8/10/22 4:30,0,4:30:00
8/10/22 4:31,0,4:31:00
8/10/22 4:32,0,4:32:00
8/10/22 4:33,0,4:33:00
8/10/22 4:34,0,4:34:00
8/10/22 4:35,0,4:35:00
8/10/22 4:36,0,4:36:00
8/10/22 4:37,0,4:37:00
8/10/22 4:38,0,4:38:00
8/10/22 4:39,0,4:39:00
8/10/22 4:40,0,4:40:00
8/10/22 4:41,0,4:41:00
8/10/22 4:42,0,4:42:00
8/10/22 4:43,0,4:43:00
8/10/22 4:44,0,4:44:00
8/10/22 4:45,0,4:45:00
8/10/22 4:46,0,4:46:00
8/10/22 4:47,0,4:47:00
8/10/22 4:48,0,4:48:00
8/10/22 4:49,0,4:49:00
8/10/22 4:50,0,4:50:00
8/10/22 4:51,0,4:51:00
8/10/22 4:52,0,4:52:00
8/10/22 4:53,0,4:53:00
8/10/22 4:54,0,4:54:00
8/10/22 4:55,0,4:55:00
8/10/22 4:56,0,4:56:00
8/10/22 4:57,0,4:57:00
8/10/22 4:58,0,4:58:00
8/10/22 4:59,0,4:59:00
8/10/22 5:00,0,5:00:00
8/10/22 5:01,0,5:01:00
8/10/22 5:02,0,5:02:00
8/10/22 5:03,0,5:03:00
8/10/22 5:04,0,5:04:00
8/10/22 5:05,0,5:05:00
8/10/22 5:06,0,5:06:00
8/10/22 5:07,0,5:07:00
8/10/22 5:08,0,5:08:00
8/10/22 5:09,0,5:09:00
8/10/22 5:10,0.00062525,5:10:00
8/10/22 5:11,0.00258275,5:11:00
8/10/22 5:12,0.0051255,5:12:00
8/10/22 5:13,0.0081885,5:13:00
8/10/22 5:14,0.01217,5:14:00
8/10/22 5:15,0.0171325,5:15:00
8/10/22 5:16,0.0230525,5:16:00
8/10/22 5:17,0.0299825,5:17:00
8/10/22 5:18,0.0390875,5:18:00
8/10/22 5:19,0.0727125,5:19:00
8/10/22 5:20,0.1213,5:20:00
8/10/22 5:21,0.163475,5:21:00
8/10/22 5:22,0.22968,5:22:00
8/10/22 5:23,0.326125,5:23:00
8/10/22 5:24,0.460325,5:24:00
8/10/22 5:25,0.668575,5:25:00
8/10/22 5:26,0.94415,5:26:00
8/10/22 5:27,1.205,5:27:00
8/10/22 5:28,1.38175,5:28:00
8/10/22 5:29,1.562,5:29:00
8/10/22 5:30,2.037,5:30:00
8/10/22 5:31,2.9275,5:31:00
8/10/22 5:32,4.05525,5:32:00
8/10/22 5:33,5.3415,5:33:00
8/10/22 5:34,7.09025,5:34:00
8/10/22 5:35,9.332,5:35:00
8/10/22 5:36,11.535,5:36:00
8/10/22 5:37,13.5925,5:37:00
8/10/22 5:38,16.3525,5:38:00
8/10/22 5:39,20.4375,5:39:00
8/10/22 5:40,25.3875,5:40:00
8/10/22 5:41,29.94,5:41:00
8/10/22 5:42,34.59,5:42:00
8/10/22 5:43,41.205,5:43:00
8/10/22 5:44,50.8575,5:44:00
8/10/22 5:45,60.52,5:45:00
8/10/22 5:46,70.8475,5:46:00
8/10/22 5:47,80.93,5:47:00
8/10/22 5:48,89.915,5:48:00
8/10/22 5:49,102.3375,5:49:00
8/10/22 5:50,121.2,5:50:00
8/10/22 5:51,146.35,5:51:00
8/10/22 5:52,180.075,5:52:00
8/10/22 5:53,220.4,5:53:00
8/10/22 5:54,246.625,5:54:00
8/10/22 5:55,266.9,5:55:00
8/10/22 5:56,291.075,5:56:00
8/10/22 5:57,310.95,5:57:00
8/10/22 5:58,320.95,5:58:00
8/10/22 5:59,328.85,5:59:00
8/10/22 6:00,349.625,6:00:00
8/10/22 6:01,380.125,6:01:00
8/10/22 6:02,414.175,6:02:00
8/10/22 6:03,451.475,6:03:00
8/10/22 6:04,488.35,6:04:00
8/10/22 6:05,529.125,6:05:00
8/10/22 6:06,582.8,6:06:00
8/10/22 6:07,649.1,6:07:00
8/10/22 6:08,705.66,6:08:00
8/10/22 6:09,720.2,6:09:00
8/10/22 6:10,699.65,6:10:00
8/10/22 6:11,750.275,6:11:00
8/10/22 6:12,885.2,6:12:00
8/10/22 6:13,1098.75,6:13:00
8/10/22 6:14,1365.5,6:14:00
8/10/22 6:15,1468.25,6:15:00
8/10/22 6:16,1423.75,6:16:00
8/10/22 6:17,1376,6:17:00
8/10/22 6:18,1362.25,6:18:00
8/10/22 6:19,1398,6:19:00
8/10/22 6:20,1487.75,6:20:00
8/10/22 6:21,1562.25,6:21:00
8/10/22 6:22,1633.5,6:22:00
8/10/22 6:23,1684.25,6:23:00
8/10/22 6:24,1646.75,6:24:00
8/10/22 6:25,1624,6:25:00
8/10/22 6:26,1601.25,6:26:00
8/10/22 6:27,1581.75,6:27:00
8/10/22 6:28,1485.25,6:28:00
8/10/22 6:29,1453.75,6:29:00
8/10/22 6:30,1439.25,6:30:00
8/10/22 6:31,1363,6:31:00
8/10/22 6:32,1335.25,6:32:00
8/10/22 6:33,1435.25,6:33:00
8/10/22 6:34,1721.75,6:34:00
8/10/22 6:35,2057.5,6:35:00
8/10/22 6:36,2202,6:36:00
8/10/22 6:37,2252.25,6:37:00
8/10/22 6:38,2351.25,6:38:00
8/10/22 6:39,2449.5,6:39:00
8/10/22 6:40,2625,6:40:00
8/10/22 6:41,2717,6:41:00
8/10/22 6:42,2610.75,6:42:00
8/10/22 6:43,2390,6:43:00
8/10/22 6:44,2344.25,6:44:00
8/10/22 6:45,2495.5,6:45:00
8/10/22 6:46,2597.75,6:46:00
8/10/22 6:47,2684,6:47:00
8/10/22 6:48,2776,6:48:00
8/10/22 6:49,2929.75,6:49:00
8/10/22 6:50,3223.25,6:50:00
8/10/22 6:51,3730.25,6:51:00
8/10/22 6:52,4316.5,6:52:00
8/10/22 6:53,4593.75,6:53:00
8/10/22 6:54,4944.6,6:54:00
8/10/22 6:55,5351.75,6:55:00
8/10/22 6:56,5210.25,6:56:00
8/10/22 6:57,4604.25,6:57:00
8/10/22 6:58,4145.75,6:58:00
8/10/22 6:59,3792.5,6:59:00
8/10/22 7:00,3498.75,7:00:00
8/11/22 0:00,0.048265,0:00:00
8/11/22 0:01,0.04519,0:01:00
8/11/22 0:02,0.04198,0:02:00
8/11/22 0:03,0.0420175,0:03:00
8/11/22 0:04,0.0401725,0:04:00
8/11/22 0:05,0.041235,0:05:00
8/11/22 0:06,0.04314,0:06:00
8/11/22 0:07,0.04039,0:07:00
8/11/22 0:08,0.0415175,0:08:00
8/11/22 0:09,0.04569,0:09:00
8/11/22 0:10,0.043375,0:10:00
8/11/22 0:11,0.0491625,0:11:00
8/11/22 0:12,0.0471175,0:12:00
8/11/22 0:13,0.043395,0:13:00
8/11/22 0:14,0.04577,0:14:00
8/11/22 0:15,0.049724,0:15:00
8/11/22 0:16,0.0480975,0:16:00
8/11/22 0:17,0.047595,0:17:00
8/11/22 0:18,0.088785,0:18:00
8/11/22 0:19,0.058085,0:19:00
8/11/22 0:20,0.10471,0:20:00
8/11/22 0:21,0.0665625,0:21:00
8/11/22 0:22,0.0554775,0:22:00
8/11/22 0:23,0.067965,0:23:00
8/11/22 0:24,0.1047225,0:24:00
8/11/22 0:25,0.144375,0:25:00
8/11/22 0:26,0.142175,0:26:00
8/11/22 0:27,0.147375,0:27:00
8/11/22 0:28,0.149075,0:28:00
8/11/22 0:29,0.14725,0:29:00
8/11/22 0:30,0.147025,0:30:00
8/11/22 0:31,0.147125,0:31:00
8/11/22 0:32,0.14675,0:32:00
8/11/22 0:33,0.14555,0:33:00
8/11/22 0:34,0.144275,0:34:00
8/11/22 0:35,0.14485,0:35:00
8/11/22 0:36,0.144375,0:36:00
8/11/22 0:37,0.1431,0:37:00
8/11/22 0:38,0.1422,0:38:00
8/11/22 0:39,0.141725,0:39:00
8/11/22 0:40,0.141625,0:40:00
8/11/22 0:41,0.14015,0:41:00
8/11/22 0:42,0.1403,0:42:00
8/11/22 0:43,0.138775,0:43:00
8/11/22 0:44,0.138425,0:44:00
8/11/22 0:45,0.13775,0:45:00
8/11/22 0:46,0.1368,0:46:00
8/11/22 0:47,0.13505,0:47:00
8/11/22 0:48,0.135525,0:48:00
8/11/22 0:49,0.13575,0:49:00
8/11/22 0:50,0.134675,0:50:00
8/11/22 0:51,0.134075,0:51:00
8/11/22 0:52,0.133025,0:52:00
8/11/22 0:53,0.130325,0:53:00
8/11/22 0:54,0.1316,0:54:00
8/11/22 0:55,0.1317,0:55:00
8/11/22 0:56,0.13105,0:56:00
8/11/22 0:57,0.1307,0:57:00
8/11/22 0:58,0.126875,0:58:00
8/11/22 0:59,0.12845,0:59:00
8/11/22 1:00,0.12705,1:00:00
8/11/22 1:01,0.12598,1:01:00
8/11/22 1:02,0.12535,1:02:00
8/11/22 1:03,0.12555,1:03:00
8/11/22 1:04,0.117575,1:04:00
8/11/22 1:05,0.0887575,1:05:00
8/11/22 1:06,0.05548,1:06:00
8/11/22 1:07,0.0515575,1:07:00
8/11/22 1:08,0.045875,1:08:00
8/11/22 1:09,0.0384825,1:09:00
8/11/22 1:10,0.0188525,1:10:00
8/11/22 1:11,0.0293,1:11:00
8/11/22 1:12,0.0322975,1:12:00
8/11/22 1:13,0.034485,1:13:00
8/11/22 1:14,0.03428,1:14:00
8/11/22 1:15,0.0279125,1:15:00
8/11/22 1:16,0.02161,1:16:00
8/11/22 1:17,0.0204525,1:17:00
8/11/22 1:18,0.022765,1:18:00
8/11/22 1:19,0.027895,1:19:00
8/11/22 1:20,0.0255025,1:20:00
8/11/22 1:21,0.021365,1:21:00
8/11/22 1:22,0.02008,1:22:00
8/11/22 1:23,0.01978,1:23:00
8/11/22 1:24,0.020345,1:24:00
8/11/22 1:25,0.0194975,1:25:00
8/11/22 1:26,0.01976,1:26:00
8/11/22 1:27,0.020945,1:27:00
8/11/22 1:28,0.0208125,1:28:00
8/11/22 1:29,0.0189375,1:29:00
8/11/22 1:30,0.01971,1:30:00
8/11/22 1:31,0.0178625,1:31:00
8/11/22 1:32,0.0179225,1:32:00
8/11/22 1:33,0.0194975,1:33:00
8/11/22 1:34,0.0205525,1:34:00
8/11/22 1:35,0.0209225,1:35:00
8/11/22 1:36,0.021375,1:36:00
8/11/22 1:37,0.01839,1:37:00
8/11/22 1:38,0.017405,1:38:00
8/11/22 1:39,0.0187725,1:39:00
8/11/22 1:40,0.019355,1:40:00
8/11/22 1:41,0.01823,1:41:00
8/11/22 1:42,0.0183475,1:42:00
8/11/22 1:43,0.01972,1:43:00
8/11/22 1:44,0.022575,1:44:00
8/11/22 1:45,0.03055,1:45:00
8/11/22 1:46,0.026325,1:46:00
8/11/22 1:47,0.01827,1:47:00
8/11/22 1:48,0.0208725,1:48:00
8/11/22 1:49,0.02195,1:49:00
8/11/22 1:50,0.0148275,1:50:00
8/11/22 1:51,0.0140125,1:51:00
8/11/22 1:52,0.0140825,1:52:00
8/11/22 1:53,0.018355,1:53:00
8/11/22 1:54,0.0299475,1:54:00
8/11/22 1:55,0.032155,1:55:00
8/11/22 1:56,0.02312,1:56:00
8/11/22 1:57,0.0220525,1:57:00
8/11/22 1:58,0.0262875,1:58:00
8/11/22 1:59,0.03332,1:59:00
8/11/22 2:00,0.0315375,2:00:00
8/11/22 2:01,0.0331425,2:01:00
8/11/22 2:02,0.0318375,2:02:00
8/11/22 2:03,0.0378975,2:03:00
8/11/22 2:04,0.0374775,2:04:00
8/11/22 2:05,0.0379625,2:05:00
8/11/22 2:06,0.033845,2:06:00
8/11/22 2:07,0.039285,2:07:00
8/11/22 2:08,0.036305,2:08:00
8/11/22 2:09,0.02763,2:09:00
8/11/22 2:10,0.021456,2:10:00
8/11/22 2:11,0.01854,2:11:00
8/11/22 2:12,0.0183475,2:12:00
8/11/22 2:13,0.014195,2:13:00
8/11/22 2:14,0.011735,2:14:00
8/11/22 2:15,0.010426,2:15:00
8/11/22 2:16,0.0127025,2:16:00
8/11/22 2:17,0.01287,2:17:00
8/11/22 2:18,0.01496,2:18:00
8/11/22 2:19,0.01838,2:19:00
8/11/22 2:20,0.0163525,2:20:00
8/11/22 2:21,0.0130825,2:21:00
8/11/22 2:22,0.0132425,2:22:00
8/11/22 2:23,0.008943,2:23:00
8/11/22 2:24,0.008697,2:24:00
8/11/22 2:25,0.015125,2:25:00
8/11/22 2:26,0.01783,2:26:00
8/11/22 2:27,0.0121875,2:27:00
8/11/22 2:28,0.00873475,2:28:00
8/11/22 2:29,0.006656,2:29:00
8/11/22 2:30,0.00714325,2:30:00
8/11/22 2:31,0.0077475,2:31:00
8/11/22 2:32,0.00757,2:32:00
8/11/22 2:33,0.0078545,2:33:00
8/11/22 2:34,0.00834375,2:34:00
8/11/22 2:35,0.00874625,2:35:00
8/11/22 2:36,0.009519,2:36:00
8/11/22 2:37,0.01051,2:37:00
8/11/22 2:38,0.0110225,2:38:00
8/11/22 2:39,0.0113175,2:39:00
8/11/22 2:40,0.01124,2:40:00
8/11/22 2:41,0.0105675,2:41:00
8/11/22 2:42,0.009689,2:42:00
8/11/22 2:43,0.00853125,2:43:00
8/11/22 2:44,0.008076,2:44:00
8/11/22 2:45,0.0075785,2:45:00
8/11/22 2:46,0.007653,2:46:00
8/11/22 2:47,0.00850175,2:47:00
8/11/22 2:48,0.00964675,2:48:00
8/11/22 2:49,0.0100565,2:49:00
8/11/22 2:50,0.009162,2:50:00
8/11/22 2:51,0.00856775,2:51:00
8/11/22 2:52,0.0092225,2:52:00
8/11/22 2:53,0.010495,2:53:00
8/11/22 2:54,0.01124,2:54:00
8/11/22 2:55,0.011765,2:55:00
8/11/22 2:56,0.0121775,2:56:00
8/11/22 2:57,0.0117625,2:57:00
8/11/22 2:58,0.011045,2:58:00
8/11/22 2:59,0.0106475,2:59:00
8/11/22 3:00,0.0108775,3:00:00
8/11/22 3:01,0.0114225,3:01:00
8/11/22 3:02,0.01135,3:02:00
8/11/22 3:03,0.01072,3:03:00
8/11/22 3:04,0.0102125,3:04:00
8/11/22 3:05,0.010215,3:05:00
8/11/22 3:06,0.0106025,3:06:00
8/11/22 3:07,0.01107,3:07:00
8/11/22 3:08,0.011145,3:08:00
8/11/22 3:09,0.0107775,3:09:00
8/11/22 3:10,0.0103575,3:10:00
8/11/22 3:11,0.01008475,3:11:00
8/11/22 3:12,0.0098655,3:12:00
8/11/22 3:13,0.00967925,3:13:00
8/11/22 3:14,0.009458,3:14:00
8/11/22 3:15,0.00921125,3:15:00
8/11/22 3:16,0.00911925,3:16:00
8/11/22 3:17,0.00908725,3:17:00
8/11/22 3:18,0.0089535,3:18:00
8/11/22 3:19,0.008683,3:19:00
8/11/22 3:20,0.00848725,3:20:00
8/11/22 3:21,0.0084795,3:21:00
8/11/22 3:22,0.0084825,3:22:00
8/11/22 3:23,0.00827525,3:23:00
8/11/22 3:24,0.00786175,3:24:00
8/11/22 3:25,0.00745225,3:25:00
8/11/22 3:26,0.0071095,3:26:00
8/11/22 3:27,0.00676975,3:27:00
8/11/22 3:28,0.006419,3:28:00
8/11/22 3:29,0.0060725,3:29:00
8/11/22 3:30,0.0057765,3:30:00
8/11/22 3:31,0.0055945,3:31:00
8/11/22 3:32,0.00536925,3:32:00
8/11/22 3:33,0.00509425,3:33:00
8/11/22 3:34,0.004849,3:34:00
8/11/22 3:35,0.0047355,3:35:00
8/11/22 3:36,0.00466475,3:36:00
8/11/22 3:37,0.004574,3:37:00
8/11/22 3:38,0.004334,3:38:00
8/11/22 3:39,0.004082,3:39:00
8/11/22 3:40,0.003842,3:40:00
8/11/22 3:41,0.00374,3:41:00
8/11/22 3:42,0.003767,3:42:00
8/11/22 3:43,0.0038588,3:43:00
8/11/22 3:44,0.0038505,3:44:00
8/11/22 3:45,0.003709,3:45:00
8/11/22 3:46,0.0034855,3:46:00
8/11/22 3:47,0.0033215,3:47:00
8/11/22 3:48,0.003189,3:48:00
8/11/22 3:49,0.00310925,3:49:00
8/11/22 3:50,0.003086,3:50:00
8/11/22 3:51,0.0030225,3:51:00
8/11/22 3:52,0.0029085,3:52:00
8/11/22 3:53,0.00280325,3:53:00
8/11/22 3:54,0.0026665,3:54:00
8/11/22 3:55,0.002395,3:55:00
8/11/22 3:56,0.002,3:56:00
8/11/22 3:57,0.00151025,3:57:00
8/11/22 3:58,0.000926375,3:58:00
8/11/22 3:59,0.000318433,3:59:00
8/11/22 4:00,0,4:00:00
8/11/22 4:01,0,4:01:00
8/11/22 4:02,0,4:02:00
8/11/22 4:03,0,4:03:00
8/11/22 4:04,0,4:04:00
8/11/22 4:05,0,4:05:00
8/11/22 4:06,0,4:06:00
8/11/22 4:07,0,4:07:00
8/11/22 4:08,0,4:08:00
8/11/22 4:09,0,4:09:00
8/11/22 4:10,0,4:10:00
8/11/22 4:11,0,4:11:00
8/11/22 4:12,0,4:12:00
8/11/22 4:13,0,4:13:00
8/11/22 4:14,0,4:14:00
8/11/22 4:15,0,4:15:00
8/11/22 4:16,0,4:16:00
8/11/22 4:17,0,4:17:00
8/11/22 4:18,0,4:18:00
8/11/22 4:19,0,4:19:00
8/11/22 4:20,0,4:20:00
8/11/22 4:21,0,4:21:00
8/11/22 4:22,0,4:22:00
8/11/22 4:23,0,4:23:00
8/11/22 4:24,0,4:24:00
8/11/22 4:25,0,4:25:00
8/11/22 4:26,0,4:26:00
8/11/22 4:27,0,4:27:00
8/11/22 4:28,0,4:28:00
8/11/22 4:29,0,4:29:00
8/11/22 4:30,0,4:30:00
8/11/22 4:31,0,4:31:00
8/11/22 4:32,0,4:32:00
8/11/22 4:33,0,4:33:00
8/11/22 4:34,0,4:34:00
8/11/22 4:35,0,4:35:00
8/11/22 4:36,0,4:36:00
8/11/22 4:37,0,4:37:00
8/11/22 4:38,0,4:38:00
8/11/22 4:39,0,4:39:00
8/11/22 4:40,0,4:40:00
8/11/22 4:41,0,4:41:00
8/11/22 4:42,0,4:42:00
8/11/22 4:43,0,4:43:00
8/11/22 4:44,0,4:44:00
8/11/22 4:45,0,4:45:00
8/11/22 4:46,0,4:46:00
8/11/22 4:47,0,4:47:00
8/11/22 4:48,0,4:48:00
8/11/22 4:49,0,4:49:00
8/11/22 4:50,0,4:50:00
8/11/22 4:51,0,4:51:00
8/11/22 4:52,0,4:52:00
8/11/22 4:53,0,4:53:00
8/11/22 4:54,0,4:54:00
8/11/22 4:55,0,4:55:00
8/11/22 4:56,0,4:56:00
8/11/22 4:57,0,4:57:00
8/11/22 4:58,0,4:58:00
8/11/22 4:59,0,4:59:00
8/11/22 5:00,0,5:00:00
8/11/22 5:01,0,5:01:00
8/11/22 5:02,0,5:02:00
8/11/22 5:03,0,5:03:00
8/11/22 5:04,0,5:04:00
8/11/22 5:05,0,5:05:00
8/11/22 5:06,7.04E-05,5:06:00
8/11/22 5:07,0.000996975,5:07:00
8/11/22 5:08,0.0023935,5:08:00
8/11/22 5:09,0.00411825,5:09:00
8/11/22 5:10,0.00632175,5:10:00
8/11/22 5:11,0.00914675,5:11:00
8/11/22 5:12,0.012665,5:12:00
8/11/22 5:13,0.01692,5:13:00
8/11/22 5:14,0.0217475,5:14:00
8/11/22 5:15,0.02736,5:15:00
8/11/22 5:16,0.0339525,5:16:00
8/11/22 5:17,0.04171,5:17:00
8/11/22 5:18,0.08734,5:18:00
8/11/22 5:19,0.123925,5:19:00
8/11/22 5:20,0.163475,5:20:00
8/11/22 5:21,0.2222,5:21:00
8/11/22 5:22,0.30745,5:22:00
8/11/22 5:23,0.42545,5:23:00
8/11/22 5:24,0.58545,5:24:00
8/11/22 5:25,0.80815,5:25:00
8/11/22 5:26,1.11625,5:26:00
8/11/22 5:27,1.54,5:27:00
8/11/22 5:28,2.096,5:28:00
8/11/22 5:29,2.8095,5:29:00
8/11/22 5:30,3.639,5:30:00
8/11/22 5:31,4.55875,5:31:00
8/11/22 5:32,5.5885,5:32:00
8/11/22 5:33,6.89475,5:33:00
8/11/22 5:34,8.75025,5:34:00
8/11/22 5:35,11.23,5:35:00
8/11/22 5:36,14.3175,5:36:00
8/11/22 5:37,18.4775,5:37:00
8/11/22 5:38,24.055,5:38:00
8/11/22 5:39,30.525,5:39:00
8/11/22 5:40,38.216,5:40:00
8/11/22 5:41,46.5825,5:41:00
8/11/22 5:42,55.0725,5:42:00
8/11/22 5:43,66.4375,5:43:00
8/11/22 5:44,79.89,5:44:00
8/11/22 5:45,95.1525,5:45:00
8/11/22 5:46,113.3,5:46:00
8/11/22 5:47,131.925,5:47:00
8/11/22 5:48,152.6,5:48:00
8/11/22 5:49,175.825,5:49:00
8/11/22 5:50,201.2,5:50:00
8/11/22 5:51,227.425,5:51:00
8/11/22 5:52,253.525,5:52:00
8/11/22 5:53,279.5,5:53:00
8/11/22 5:54,308.975,5:54:00
8/11/22 5:55,343.5,5:55:00
8/11/22 5:56,383.275,5:56:00
8/11/22 5:57,424.7,5:57:00
8/11/22 5:58,463.55,5:58:00
8/11/22 5:59,498.55,5:59:00
8/11/22 6:00,536.05,6:00:00
8/11/22 6:01,571.15,6:01:00
8/11/22 6:02,599.15,6:02:00
8/11/22 6:03,621.25,6:03:00
8/11/22 6:04,632.775,6:04:00
8/11/22 6:05,639.9,6:05:00
8/11/22 6:06,647.525,6:06:00
8/11/22 6:07,661.3,6:07:00
8/11/22 6:08,678.825,6:08:00
8/11/22 6:09,716.925,6:09:00
8/11/22 6:10,782.9,6:10:00
8/11/22 6:11,846.925,6:11:00
8/11/22 6:12,883.25,6:12:00
8/11/22 6:13,902.425,6:13:00
8/11/22 6:14,953.6,6:14:00
8/11/22 6:15,1022.1,6:15:00
8/11/22 6:16,1060,6:16:00
8/11/22 6:17,1079.5,6:17:00
8/11/22 6:18,1091.25,6:18:00
8/11/22 6:19,1077.25,6:19:00
8/11/22 6:20,1091.75,6:20:00
8/11/22 6:21,1095.25,6:21:00
8/11/22 6:22,1069.75,6:22:00
8/11/22 6:23,1066,6:23:00
8/11/22 6:24,1095.5,6:24:00
8/11/22 6:25,1144,6:25:00
8/11/22 6:26,1219,6:26:00
8/11/22 6:27,1334.4,6:27:00
8/11/22 6:28,1457.5,6:28:00
8/11/22 6:29,1605.5,6:29:00
8/11/22 6:30,1796.25,6:30:00
8/11/22 6:31,1976,6:31:00
8/11/22 6:32,2096.75,6:32:00
8/11/22 6:33,2169.25,6:33:00
8/11/22 6:34,2240.75,6:34:00
8/11/22 6:35,2377.75,6:35:00
8/11/22 6:36,2550.25,6:36:00
8/11/22 6:37,2697.25,6:37:00
8/11/22 6:38,2772.5,6:38:00
8/11/22 6:39,2783.75,6:39:00
8/11/22 6:40,2766.25,6:40:00
8/11/22 6:41,2773.25,6:41:00
8/11/22 6:42,2796,6:42:00
8/11/22 6:43,2772,6:43:00
8/11/22 6:44,2748.5,6:44:00
8/11/22 6:45,2716.5,6:45:00
8/11/22 6:46,2770.5,6:46:00
8/11/22 6:47,2862,6:47:00
8/11/22 6:48,2964,6:48:00
8/11/22 6:49,3021,6:49:00
8/11/22 6:50,3027.25,6:50:00
8/11/22 6:51,3022.25,6:51:00
8/11/22 6:52,3036.25,6:52:00
8/11/22 6:53,3082,6:53:00
8/11/22 6:54,3193.5,6:54:00
8/11/22 6:55,3310.75,6:55:00
8/11/22 6:56,3380,6:56:00
8/11/22 6:57,3344,6:57:00
8/11/22 6:58,3180.5,6:58:00
8/11/22 6:59,2975,6:59:00
8/11/22 7:00,2845.75,7:00:00